group,N,PM_noF1_min,PM_noF1_median,PM_noF1_max,PM_noF1_mean,PM_noF1_std,PM_noF1_nunique,Tsub_K_min,Tsub_K_median,Tsub_K_max,Tsub_K_mean,Tsub_K_std,Tsub_K_nunique,G_min,G_median,G_max,G_mean,G_std,G_nunique,x_Mes_input_min,x_Mes_input_median,x_Mes_input_max,x_Mes_input_mean,x_Mes_input_std,x_Mes_input_nunique,q_M_MWm2_input_min,q_M_MWm2_input_median,q_M_MWm2_input_max,q_M_MWm2_input_mean,q_M_MWm2_input_std,q_M_MWm2_input_nunique,q_P_MWm2_min,q_P_MWm2_median,q_P_MWm2_max,q_P_MWm2_mean,q_P_MWm2_std,q_P_MWm2_nunique,L_DNB_over_DH_input_min,L_DNB_over_DH_input_median,L_DNB_over_DH_input_max,L_DNB_over_DH_input_mean,L_DNB_over_DH_input_std,L_DNB_over_DH_input_nunique,DH_m_min,DH_m_median,DH_m_max,DH_m_mean,DH_m_std,DH_m_nunique,target,model,xcols,k,R2,adj_R2,intercept,beta_Tsub_K,std_beta_Tsub_K,beta_G,std_beta_G,beta_x_Mes_input,std_beta_x_Mes_input,beta_q_M_MWm2_input,std_beta_q_M_MWm2_input,beta_q_P_MWm2,std_beta_q_P_MWm2,beta_L_DNB_over_DH_input,std_beta_L_DNB_over_DH_input
all,187,0.0735487784385007,1.353475742387643,3.6053610399898135,1.3935848969264444,0.6391883038117517,187,20.88259301344499,103.58496549932198,313.18434543454475,120.90383303010442,76.57534053420035,143,520.79232,3404.1373,10565.0317,4003.4604137967913,2455.853015603202,142,-0.459,-0.056,0.05,-0.11041176470588236,0.13563449647873918,132,0.8517393,4.6687932,14.7634812,5.424393417593583,2.7504453271815223,142,0.2974833994253418,5.589295637960782,46.85855583854284,8.631791797011916,8.330097397030668,187,20.97902097902098,66.84491978609627,365.33333333333326,87.5520946435094,65.46587901436577,8,0.001905,0.0047497999999999,0.0077724,0.004689763636363579,0.001565186487759935,7,PM_noF1,Tsub_only,Tsub_K,1,0.41828262042041153,0.4151382021524138,0.7408830189785405,0.005398520969847044,0.6467477254853022,,,,,,,,,,
all,187,0.0735487784385007,1.353475742387643,3.6053610399898135,1.3935848969264444,0.6391883038117517,187,20.88259301344499,103.58496549932198,313.18434543454475,120.90383303010442,76.57534053420035,143,520.79232,3404.1373,10565.0317,4003.4604137967913,2455.853015603202,142,-0.459,-0.056,0.05,-0.11041176470588236,0.13563449647873918,132,0.8517393,4.6687932,14.7634812,5.424393417593583,2.7504453271815223,142,0.2974833994253418,5.589295637960782,46.85855583854284,8.631791797011916,8.330097397030668,187,20.97902097902098,66.84491978609627,365.33333333333326,87.5520946435094,65.46587901436577,8,0.001905,0.0047497999999999,0.0077724,0.004689763636363579,0.001565186487759935,7,PM_noF1,G_only,G,1,0.014823799150867512,0.00949852238952087,1.2667199188976324,,,3.168883039073113e-05,0.12175302522265054,,,,,,,,
all,187,0.0735487784385007,1.353475742387643,3.6053610399898135,1.3935848969264444,0.6391883038117517,187,20.88259301344499,103.58496549932198,313.18434543454475,120.90383303010442,76.57534053420035,143,520.79232,3404.1373,10565.0317,4003.4604137967913,2455.853015603202,142,-0.459,-0.056,0.05,-0.11041176470588236,0.13563449647873918,132,0.8517393,4.6687932,14.7634812,5.424393417593583,2.7504453271815223,142,0.2974833994253418,5.589295637960782,46.85855583854284,8.631791797011916,8.330097397030668,187,20.97902097902098,66.84491978609627,365.33333333333326,87.5520946435094,65.46587901436577,8,0.001905,0.0047497999999999,0.0077724,0.004689763636363579,0.001565186487759935,7,PM_noF1,xMes_only,x_Mes_input,1,0.7739614273751342,0.7727395972528376,0.9358292930723002,,,,,-4.145895186745049,-0.8797507757172677,,,,,,
all,187,0.0735487784385007,1.353475742387643,3.6053610399898135,1.3935848969264444,0.6391883038117517,187,20.88259301344499,103.58496549932198,313.18434543454475,120.90383303010442,76.57534053420035,143,520.79232,3404.1373,10565.0317,4003.4604137967913,2455.853015603202,142,-0.459,-0.056,0.05,-0.11041176470588236,0.13563449647873918,132,0.8517393,4.6687932,14.7634812,5.424393417593583,2.7504453271815223,142,0.2974833994253418,5.589295637960782,46.85855583854284,8.631791797011916,8.330097397030668,187,20.97902097902098,66.84491978609627,365.33333333333326,87.5520946435094,65.46587901436577,8,0.001905,0.0047497999999999,0.0077724,0.004689763636363579,0.001565186487759935,7,PM_noF1,qM_exp_only_DIAG,q_M_MWm2_input,1,0.37613079806842087,0.372758532112034,0.6204657467116538,,,,,,,0.1425263786559509,0.6132950334614009,,,,
all,187,0.0735487784385007,1.353475742387643,3.6053610399898135,1.3935848969264444,0.6391883038117517,187,20.88259301344499,103.58496549932198,313.18434543454475,120.90383303010442,76.57534053420035,143,520.79232,3404.1373,10565.0317,4003.4604137967913,2455.853015603202,142,-0.459,-0.056,0.05,-0.11041176470588236,0.13563449647873918,132,0.8517393,4.6687932,14.7634812,5.424393417593583,2.7504453271815223,142,0.2974833994253418,5.589295637960782,46.85855583854284,8.631791797011916,8.330097397030668,187,20.97902097902098,66.84491978609627,365.33333333333326,87.5520946435094,65.46587901436577,8,0.001905,0.0047497999999999,0.0077724,0.004689763636363579,0.001565186487759935,7,PM_noF1,qP_calc_only_DIAG,q_P_MWm2,1,0.7201768129162597,0.7186642551482394,0.8315034326385823,,,,,,,,,0.06511758827204782,0.8486323190382625,,
all,187,0.0735487784385007,1.353475742387643,3.6053610399898135,1.3935848969264444,0.6391883038117517,187,20.88259301344499,103.58496549932198,313.18434543454475,120.90383303010442,76.57534053420035,143,520.79232,3404.1373,10565.0317,4003.4604137967913,2455.853015603202,142,-0.459,-0.056,0.05,-0.11041176470588236,0.13563449647873918,132,0.8517393,4.6687932,14.7634812,5.424393417593583,2.7504453271815223,142,0.2974833994253418,5.589295637960782,46.85855583854284,8.631791797011916,8.330097397030668,187,20.97902097902098,66.84491978609627,365.33333333333326,87.5520946435094,65.46587901436577,8,0.001905,0.0047497999999999,0.0077724,0.004689763636363579,0.001565186487759935,7,PM_noF1,LD_only,L_DNB_over_DH_input,1,0.003818479804624353,-0.001566285169404713,1.3407615876108108,,,,,,,,,,,0.0006033357571936748,0.0617938492458938
all,187,0.0735487784385007,1.353475742387643,3.6053610399898135,1.3935848969264444,0.6391883038117517,187,20.88259301344499,103.58496549932198,313.18434543454475,120.90383303010442,76.57534053420035,143,520.79232,3404.1373,10565.0317,4003.4604137967913,2455.853015603202,142,-0.459,-0.056,0.05,-0.11041176470588236,0.13563449647873918,132,0.8517393,4.6687932,14.7634812,5.424393417593583,2.7504453271815223,142,0.2974833994253418,5.589295637960782,46.85855583854284,8.631791797011916,8.330097397030668,187,20.97902097902098,66.84491978609627,365.33333333333326,87.5520946435094,65.46587901436577,8,0.001905,0.0047497999999999,0.0077724,0.004689763636363579,0.001565186487759935,7,PM_noF1,Tsub_G,Tsub_K + G,2,0.4783574137876184,0.4726873856766143,0.4346772053327977,0.005782011469628598,0.6926902363812033,6.490393695315571e-05,0.24937022210886953,,,,,,,,
all,187,0.0735487784385007,1.353475742387643,3.6053610399898135,1.3935848969264444,0.6391883038117517,187,20.88259301344499,103.58496549932198,313.18434543454475,120.90383303010442,76.57534053420035,143,520.79232,3404.1373,10565.0317,4003.4604137967913,2455.853015603202,142,-0.459,-0.056,0.05,-0.11041176470588236,0.13563449647873918,132,0.8517393,4.6687932,14.7634812,5.424393417593583,2.7504453271815223,142,0.2974833994253418,5.589295637960782,46.85855583854284,8.631791797011916,8.330097397030668,187,20.97902097902098,66.84491978609627,365.33333333333326,87.5520946435094,65.46587901436577,8,0.001905,0.0047497999999999,0.0077724,0.004689763636363579,0.001565186487759935,7,PM_noF1,Tsub_xMes,Tsub_K + x_Mes_input,2,0.8276940554519557,0.8258211647503466,0.7353720629168906,0.002246691474763458,0.26915568343372764,,,-3.501250288901478,-0.742958400754862,,,,,,
all,187,0.0735487784385007,1.353475742387643,3.6053610399898135,1.3935848969264444,0.6391883038117517,187,20.88259301344499,103.58496549932198,313.18434543454475,120.90383303010442,76.57534053420035,143,520.79232,3404.1373,10565.0317,4003.4604137967913,2455.853015603202,142,-0.459,-0.056,0.05,-0.11041176470588236,0.13563449647873918,132,0.8517393,4.6687932,14.7634812,5.424393417593583,2.7504453271815223,142,0.2974833994253418,5.589295637960782,46.85855583854284,8.631791797011916,8.330097397030668,187,20.97902097902098,66.84491978609627,365.33333333333326,87.5520946435094,65.46587901436577,8,0.001905,0.0047497999999999,0.0077724,0.004689763636363579,0.001565186487759935,7,PM_noF1,Tsub_qM_exp_DIAG,Tsub_K + q_M_MWm2_input,2,0.716069855513161,0.712983658290478,0.10953139717321861,0.004896261669439671,0.5865766041806635,,,,,0.12758600697266853,0.5490061920705516,,,,
all,187,0.0735487784385007,1.353475742387643,3.6053610399898135,1.3935848969264444,0.6391883038117517,187,20.88259301344499,103.58496549932198,313.18434543454475,120.90383303010442,76.57534053420035,143,520.79232,3404.1373,10565.0317,4003.4604137967913,2455.853015603202,142,-0.459,-0.056,0.05,-0.11041176470588236,0.13563449647873918,132,0.8517393,4.6687932,14.7634812,5.424393417593583,2.7504453271815223,142,0.2974833994253418,5.589295637960782,46.85855583854284,8.631791797011916,8.330097397030668,187,20.97902097902098,66.84491978609627,365.33333333333326,87.5520946435094,65.46587901436577,8,0.001905,0.0047497999999999,0.0077724,0.004689763636363579,0.001565186487759935,7,PM_noF1,Tsub_G_xMes,Tsub_K + G + x_Mes_input,3,0.8509061604280816,0.848461999123624,0.9675805140655346,0.0014238943950102539,0.17058384443586772,-4.941605105941331e-05,-0.18986354614086146,-4.090916381056138,-0.8680843816638264,,,,,,
all,187,0.0735487784385007,1.353475742387643,3.6053610399898135,1.3935848969264444,0.6391883038117517,187,20.88259301344499,103.58496549932198,313.18434543454475,120.90383303010442,76.57534053420035,143,520.79232,3404.1373,10565.0317,4003.4604137967913,2455.853015603202,142,-0.459,-0.056,0.05,-0.11041176470588236,0.13563449647873918,132,0.8517393,4.6687932,14.7634812,5.424393417593583,2.7504453271815223,142,0.2974833994253418,5.589295637960782,46.85855583854284,8.631791797011916,8.330097397030668,187,20.97902097902098,66.84491978609627,365.33333333333326,87.5520946435094,65.46587901436577,8,0.001905,0.0047497999999999,0.0077724,0.004689763636363579,0.001565186487759935,7,PM_noF1,Tsub_G_xMes_qM_DIAG,Tsub_K + G + x_Mes_input + q_M_MWm2_input,4,0.8706642133807228,0.8678216686198595,0.743894051742853,0.0019259494983929668,0.23073050275110962,-9.158673176298758e-05,-0.3518893416041024,-2.881228609008421,-0.611391024041781,0.0857936459579962,0.3691724820680229,,,,
G_lt_1900,38,0.939648075944587,1.4387295858289244,2.165236999903537,1.4550359143491152,0.3225979720605418,38,68.13071600661715,129.1073447435748,299.93981302215946,157.59884586627678,77.50711146458774,35,520.79232,1315.5431,1898.722,1362.1188934210531,321.9259545634156,28,-0.359,-0.057499999999999996,0.049,-0.07357894736842106,0.10013872312513421,37,0.8517393,3.083611725,5.331257099999999,3.011720279210526,0.9204021149720798,30,0.9204976657866032,4.544459220083404,11.440082611035605,4.608516878367181,2.3195942709420634,38,64.51612903225808,75.98039215686273,108.84955752212387,79.31529752807005,17.162959854295906,4,0.0047243999999999,0.0057404,0.0077724,0.005858042105263112,0.0013013348914868,4,PM_noF1,Tsub_only,Tsub_K,1,0.769479186733887,0.7630758308098283,0.879633668774216,0.0036510562143528083,0.8771996276412158,,,,,,,,,,
G_lt_1900,38,0.939648075944587,1.4387295858289244,2.165236999903537,1.4550359143491152,0.3225979720605418,38,68.13071600661715,129.1073447435748,299.93981302215946,157.59884586627678,77.50711146458774,35,520.79232,1315.5431,1898.722,1362.1188934210531,321.9259545634156,28,-0.359,-0.057499999999999996,0.049,-0.07357894736842106,0.10013872312513421,37,0.8517393,3.083611725,5.331257099999999,3.011720279210526,0.9204021149720798,30,0.9204976657866032,4.544459220083404,11.440082611035605,4.608516878367181,2.3195942709420634,38,64.51612903225808,75.98039215686273,108.84955752212387,79.31529752807005,17.162959854295906,4,0.0047243999999999,0.0057404,0.0077724,0.005858042105263112,0.0013013348914868,4,PM_noF1,G_only,G,1,5.2787627962902484e-05,-0.027723523826815866,1.4649530609062595,,,-7.2806761620026175e-06,-0.0072655094771637415,,,,,,,,
G_lt_1900,38,0.939648075944587,1.4387295858289244,2.165236999903537,1.4550359143491152,0.3225979720605418,38,68.13071600661715,129.1073447435748,299.93981302215946,157.59884586627678,77.50711146458774,35,520.79232,1315.5431,1898.722,1362.1188934210531,321.9259545634156,28,-0.359,-0.057499999999999996,0.049,-0.07357894736842106,0.10013872312513421,37,0.8517393,3.083611725,5.331257099999999,3.011720279210526,0.9204021149720798,30,0.9204976657866032,4.544459220083404,11.440082611035605,4.608516878367181,2.3195942709420634,38,64.51612903225808,75.98039215686273,108.84955752212387,79.31529752807005,17.162959854295906,4,0.0047243999999999,0.0057404,0.0077724,0.005858042105263112,0.0013013348914868,4,PM_noF1,xMes_only,x_Mes_input,1,0.9212118813276448,0.9190233224756349,1.227529880509146,,,,,-3.0919990292986,-0.9597978335710313,,,,,,
G_lt_1900,38,0.939648075944587,1.4387295858289244,2.165236999903537,1.4550359143491152,0.3225979720605418,38,68.13071600661715,129.1073447435748,299.93981302215946,157.59884586627678,77.50711146458774,35,520.79232,1315.5431,1898.722,1362.1188934210531,321.9259545634156,28,-0.359,-0.057499999999999996,0.049,-0.07357894736842106,0.10013872312513421,37,0.8517393,3.083611725,5.331257099999999,3.011720279210526,0.9204021149720798,30,0.9204976657866032,4.544459220083404,11.440082611035605,4.608516878367181,2.3195942709420634,38,64.51612903225808,75.98039215686273,108.84955752212387,79.31529752807005,17.162959854295906,4,0.0047243999999999,0.0057404,0.0077724,0.005858042105263112,0.0013013348914868,4,PM_noF1,qM_exp_only_DIAG,q_M_MWm2_input,1,0.6130108549591258,0.6022611564857681,0.6285551680091762,,,,,,,0.2744214833113879,0.7829500973619749,,,,
G_lt_1900,38,0.939648075944587,1.4387295858289244,2.165236999903537,1.4550359143491152,0.3225979720605418,38,68.13071600661715,129.1073447435748,299.93981302215946,157.59884586627678,77.50711146458774,35,520.79232,1315.5431,1898.722,1362.1188934210531,321.9259545634156,28,-0.359,-0.057499999999999996,0.049,-0.07357894736842106,0.10013872312513421,37,0.8517393,3.083611725,5.331257099999999,3.011720279210526,0.9204021149720798,30,0.9204976657866032,4.544459220083404,11.440082611035605,4.608516878367181,2.3195942709420634,38,64.51612903225808,75.98039215686273,108.84955752212387,79.31529752807005,17.162959854295906,4,0.0047243999999999,0.0057404,0.0077724,0.005858042105263112,0.0013013348914868,4,PM_noF1,qP_calc_only_DIAG,q_P_MWm2,1,0.8417762533222333,0.8373811492478509,0.8669928623350242,,,,,,,,,0.12759919677725862,0.9174836528910111,,
G_lt_1900,38,0.939648075944587,1.4387295858289244,2.165236999903537,1.4550359143491152,0.3225979720605418,38,68.13071600661715,129.1073447435748,299.93981302215946,157.59884586627678,77.50711146458774,35,520.79232,1315.5431,1898.722,1362.1188934210531,321.9259545634156,28,-0.359,-0.057499999999999996,0.049,-0.07357894736842106,0.10013872312513421,37,0.8517393,3.083611725,5.331257099999999,3.011720279210526,0.9204021149720798,30,0.9204976657866032,4.544459220083404,11.440082611035605,4.608516878367181,2.3195942709420634,38,64.51612903225808,75.98039215686273,108.84955752212387,79.31529752807005,17.162959854295906,4,0.0047243999999999,0.0057404,0.0077724,0.005858042105263112,0.0013013348914868,4,PM_noF1,LD_only,L_DNB_over_DH_input,1,0.026355695453772476,-0.0006899796725117202,1.21300901093897,,,,,,,,,,,0.0030514530103665327,0.16234437302774685
G_lt_1900,38,0.939648075944587,1.4387295858289244,2.165236999903537,1.4550359143491152,0.3225979720605418,38,68.13071600661715,129.1073447435748,299.93981302215946,157.59884586627678,77.50711146458774,35,520.79232,1315.5431,1898.722,1362.1188934210531,321.9259545634156,28,-0.359,-0.057499999999999996,0.049,-0.07357894736842106,0.10013872312513421,37,0.8517393,3.083611725,5.331257099999999,3.011720279210526,0.9204021149720798,30,0.9204976657866032,4.544459220083404,11.440082611035605,4.608516878367181,2.3195942709420634,38,64.51612903225808,75.98039215686273,108.84955752212387,79.31529752807005,17.162959854295906,4,0.0047243999999999,0.0057404,0.0077724,0.005858042105263112,0.0013013348914868,4,PM_noF1,Tsub_G,Tsub_K + G,2,0.7811680162254183,0.7686633314382993,0.7214553080658719,0.003710277105378707,0.8914279880132872,0.00010927476107291556,0.10904712619050892,,,,,,,,
G_lt_1900,38,0.939648075944587,1.4387295858289244,2.165236999903537,1.4550359143491152,0.3225979720605418,38,68.13071600661715,129.1073447435748,299.93981302215946,157.59884586627678,77.50711146458774,35,520.79232,1315.5431,1898.722,1362.1188934210531,321.9259545634156,28,-0.359,-0.057499999999999996,0.049,-0.07357894736842106,0.10013872312513421,37,0.8517393,3.083611725,5.331257099999999,3.011720279210526,0.9204021149720798,30,0.9204976657866032,4.544459220083404,11.440082611035605,4.608516878367181,2.3195942709420634,38,64.51612903225808,75.98039215686273,108.84955752212387,79.31529752807005,17.162959854295906,4,0.0047243999999999,0.0057404,0.0077724,0.005858042105263112,0.0013013348914868,4,PM_noF1,Tsub_xMes,Tsub_K + x_Mes_input,2,0.9592035749301476,0.9568723506404417,1.0787073832128622,0.0013210802846971605,0.31740161361112434,,,-2.284998752828683,-0.7092941595052757,,,,,,
G_lt_1900,38,0.939648075944587,1.4387295858289244,2.165236999903537,1.4550359143491152,0.3225979720605418,38,68.13071600661715,129.1073447435748,299.93981302215946,157.59884586627678,77.50711146458774,35,520.79232,1315.5431,1898.722,1362.1188934210531,321.9259545634156,28,-0.359,-0.057499999999999996,0.049,-0.07357894736842106,0.10013872312513421,37,0.8517393,3.083611725,5.331257099999999,3.011720279210526,0.9204021149720798,30,0.9204976657866032,4.544459220083404,11.440082611035605,4.608516878367181,2.3195942709420634,38,64.51612903225808,75.98039215686273,108.84955752212387,79.31529752807005,17.162959854295906,4,0.0047243999999999,0.0057404,0.0077724,0.005858042105263112,0.0013013348914868,4,PM_noF1,Tsub_qM_exp_DIAG,Tsub_K + q_M_MWm2_input,2,0.8458048726793708,0.8369937225467634,0.6507891634312536,0.0026558628879427915,0.6380953344983087,,,,,0.1280616356244397,0.365371795497207,,,,
G_lt_1900,38,0.939648075944587,1.4387295858289244,2.165236999903537,1.4550359143491152,0.3225979720605418,38,68.13071600661715,129.1073447435748,299.93981302215946,157.59884586627678,77.50711146458774,35,520.79232,1315.5431,1898.722,1362.1188934210531,321.9259545634156,28,-0.359,-0.057499999999999996,0.049,-0.07357894736842106,0.10013872312513421,37,0.8517393,3.083611725,5.331257099999999,3.011720279210526,0.9204021149720798,30,0.9204976657866032,4.544459220083404,11.440082611035605,4.608516878367181,2.3195942709420634,38,64.51612903225808,75.98039215686273,108.84955752212387,79.31529752807005,17.162959854295906,4,0.0047243999999999,0.0057404,0.0077724,0.005858042105263112,0.0013013348914868,4,PM_noF1,Tsub_G_xMes,Tsub_K + G + x_Mes_input,3,0.961092210710939,0.9576591704795512,1.1535969010134943,0.0012111506683824007,0.29099001848997064,-4.6742750345690564e-05,-0.04664537854296217,-2.3679633296778104,-0.735047473257445,,,,,,
G_lt_1900,38,0.939648075944587,1.4387295858289244,2.165236999903537,1.4550359143491152,0.3225979720605418,38,68.13071600661715,129.1073447435748,299.93981302215946,157.59884586627678,77.50711146458774,35,520.79232,1315.5431,1898.722,1362.1188934210531,321.9259545634156,28,-0.359,-0.057499999999999996,0.049,-0.07357894736842106,0.10013872312513421,37,0.8517393,3.083611725,5.331257099999999,3.011720279210526,0.9204021149720798,30,0.9204976657866032,4.544459220083404,11.440082611035605,4.608516878367181,2.3195942709420634,38,64.51612903225808,75.98039215686273,108.84955752212387,79.31529752807005,17.162959854295906,4,0.0047243999999999,0.0057404,0.0077724,0.005858042105263112,0.0013013348914868,4,PM_noF1,Tsub_G_xMes_qM_DIAG,Tsub_K + G + x_Mes_input + q_M_MWm2_input,4,0.9655821865162146,0.9614103303363619,1.1461115944952165,0.0009594021903821112,0.23050514556663262,-0.00013722399944277717,-0.1369381423183116,-2.082371485735878,-0.6463959470106198,0.06355847306630535,0.18133825411538715,,,,
G_1900_4200,79,0.1135786841963328,1.3302273036188437,2.721081299499212,1.3329322807930606,0.48724794834005475,79,21.424642698647403,94.40186587765923,313.18434543454475,121.42525534006708,80.6788135406355,61,1966.5335,3037.9552,4163.626099999999,2999.51723835443,605.5882424267372,60,-0.457,-0.047,0.049,-0.07534177215189872,0.10012849258621867,64,2.11672989,4.28393322,9.9685044,4.641919287721519,1.6204423357509599,70,0.3475453559375421,5.459553662776876,24.62657516858828,6.7136047908949825,4.685987686062037,79,20.97902097902098,66.84491978609627,365.33333333333326,102.3903978890468,95.73349004577513,7,0.001905,0.0047243999999999,0.0077724,0.003910956962025264,0.0018443464838481098,6,PM_noF1,Tsub_only,Tsub_K,1,0.37880626582064125,0.3707388147274029,0.8815878181400126,0.003717055907265747,0.6154723924114234,,,,,,,,,,
G_1900_4200,79,0.1135786841963328,1.3302273036188437,2.721081299499212,1.3329322807930606,0.48724794834005475,79,21.424642698647403,94.40186587765923,313.18434543454475,121.42525534006708,80.6788135406355,61,1966.5335,3037.9552,4163.626099999999,2999.51723835443,605.5882424267372,60,-0.457,-0.047,0.049,-0.07534177215189872,0.10012849258621867,64,2.11672989,4.28393322,9.9685044,4.641919287721519,1.6204423357509599,70,0.3475453559375421,5.459553662776876,24.62657516858828,6.7136047908949825,4.685987686062037,79,20.97902097902098,66.84491978609627,365.33333333333326,102.3903978890468,95.73349004577513,7,0.001905,0.0047243999999999,0.0077724,0.003910956962025264,0.0018443464838481098,6,PM_noF1,G_only,G,1,0.0006230002636152809,-0.012355921810883297,1.3931699364872985,,,-2.008245024365475e-05,-0.024959973229460582,,,,,,,,
G_1900_4200,79,0.1135786841963328,1.3302273036188437,2.721081299499212,1.3329322807930606,0.48724794834005475,79,21.424642698647403,94.40186587765923,313.18434543454475,121.42525534006708,80.6788135406355,61,1966.5335,3037.9552,4163.626099999999,2999.51723835443,605.5882424267372,60,-0.457,-0.047,0.049,-0.07534177215189872,0.10012849258621867,64,2.11672989,4.28393322,9.9685044,4.641919287721519,1.6204423357509599,70,0.3475453559375421,5.459553662776876,24.62657516858828,6.7136047908949825,4.685987686062037,79,20.97902097902098,66.84491978609627,365.33333333333326,102.3903978890468,95.73349004577513,7,0.001905,0.0047243999999999,0.0077724,0.003910956962025264,0.0018443464838481098,6,PM_noF1,xMes_only,x_Mes_input,1,0.7731646189020887,0.7702187048618561,1.0105552000204419,,,,,-4.278862463211845,-0.8792977987588099,,,,,,
G_1900_4200,79,0.1135786841963328,1.3302273036188437,2.721081299499212,1.3329322807930606,0.48724794834005475,79,21.424642698647403,94.40186587765923,313.18434543454475,121.42525534006708,80.6788135406355,61,1966.5335,3037.9552,4163.626099999999,2999.51723835443,605.5882424267372,60,-0.457,-0.047,0.049,-0.07534177215189872,0.10012849258621867,64,2.11672989,4.28393322,9.9685044,4.641919287721519,1.6204423357509599,70,0.3475453559375421,5.459553662776876,24.62657516858828,6.7136047908949825,4.685987686062037,79,20.97902097902098,66.84491978609627,365.33333333333326,102.3903978890468,95.73349004577513,7,0.001905,0.0047243999999999,0.0077724,0.003910956962025264,0.0018443464838481098,6,PM_noF1,qM_exp_only_DIAG,q_M_MWm2_input,1,0.45568705330679316,0.44861805399908916,0.3907230216015217,,,,,,,0.20297838044789038,0.6750459638474946,,,,
G_1900_4200,79,0.1135786841963328,1.3302273036188437,2.721081299499212,1.3329322807930606,0.48724794834005475,79,21.424642698647403,94.40186587765923,313.18434543454475,121.42525534006708,80.6788135406355,61,1966.5335,3037.9552,4163.626099999999,2999.51723835443,605.5882424267372,60,-0.457,-0.047,0.049,-0.07534177215189872,0.10012849258621867,64,2.11672989,4.28393322,9.9685044,4.641919287721519,1.6204423357509599,70,0.3475453559375421,5.459553662776876,24.62657516858828,6.7136047908949825,4.685987686062037,79,20.97902097902098,66.84491978609627,365.33333333333326,102.3903978890468,95.73349004577513,7,0.001905,0.0047243999999999,0.0077724,0.003910956962025264,0.0018443464838481098,6,PM_noF1,qP_calc_only_DIAG,q_P_MWm2,1,0.7469836485655001,0.7436977219234937,0.729594952512897,,,,,,,,,0.08986786489106599,0.8642821579585568,,
G_1900_4200,79,0.1135786841963328,1.3302273036188437,2.721081299499212,1.3329322807930606,0.48724794834005475,79,21.424642698647403,94.40186587765923,313.18434543454475,121.42525534006708,80.6788135406355,61,1966.5335,3037.9552,4163.626099999999,2999.51723835443,605.5882424267372,60,-0.457,-0.047,0.049,-0.07534177215189872,0.10012849258621867,64,2.11672989,4.28393322,9.9685044,4.641919287721519,1.6204423357509599,70,0.3475453559375421,5.459553662776876,24.62657516858828,6.7136047908949825,4.685987686062037,79,20.97902097902098,66.84491978609627,365.33333333333326,102.3903978890468,95.73349004577513,7,0.001905,0.0047243999999999,0.0077724,0.003910956962025264,0.0018443464838481098,6,PM_noF1,LD_only,L_DNB_over_DH_input,1,0.029500354083624503,0.016896462578216975,1.24342487453263,,,,,,,,,,,0.0008741777364457902,0.17175667114736548
G_1900_4200,79,0.1135786841963328,1.3302273036188437,2.721081299499212,1.3329322807930606,0.48724794834005475,79,21.424642698647403,94.40186587765923,313.18434543454475,121.42525534006708,80.6788135406355,61,1966.5335,3037.9552,4163.626099999999,2999.51723835443,605.5882424267372,60,-0.457,-0.047,0.049,-0.07534177215189872,0.10012849258621867,64,2.11672989,4.28393322,9.9685044,4.641919287721519,1.6204423357509599,70,0.3475453559375421,5.459553662776876,24.62657516858828,6.7136047908949825,4.685987686062037,79,20.97902097902098,66.84491978609627,365.33333333333326,102.3903978890468,95.73349004577513,7,0.001905,0.0047243999999999,0.0077724,0.003910956962025264,0.0018443464838481098,6,PM_noF1,Tsub_G,Tsub_K + G,2,0.38230867168608273,0.3660536367304533,1.0222235455436595,0.0037369064046568323,0.6187592499203365,-4.768970062544414e-05,-0.05927233163732925,,,,,,,,
G_1900_4200,79,0.1135786841963328,1.3302273036188437,2.721081299499212,1.3329322807930606,0.48724794834005475,79,21.424642698647403,94.40186587765923,313.18434543454475,121.42525534006708,80.6788135406355,61,1966.5335,3037.9552,4163.626099999999,2999.51723835443,605.5882424267372,60,-0.457,-0.047,0.049,-0.07534177215189872,0.10012849258621867,64,2.11672989,4.28393322,9.9685044,4.641919287721519,1.6204423357509599,70,0.3475453559375421,5.459553662776876,24.62657516858828,6.7136047908949825,4.685987686062037,79,20.97902097902098,66.84491978609627,365.33333333333326,102.3903978890468,95.73349004577513,7,0.001905,0.0047243999999999,0.0077724,0.003910956962025264,0.0018443464838481098,6,PM_noF1,Tsub_xMes,Tsub_K + x_Mes_input,2,0.8574281777887114,0.8536762877305196,0.8246551856985278,0.0019100470809801642,0.3162667648477929,,,-3.6679405419056432,-0.7537545485990887,,,,,,
G_1900_4200,79,0.1135786841963328,1.3302273036188437,2.721081299499212,1.3329322807930606,0.48724794834005475,79,21.424642698647403,94.40186587765923,313.18434543454475,121.42525534006708,80.6788135406355,61,1966.5335,3037.9552,4163.626099999999,2999.51723835443,605.5882424267372,60,-0.457,-0.047,0.049,-0.07534177215189872,0.10012849258621867,64,2.11672989,4.28393322,9.9685044,4.641919287721519,1.6204423357509599,70,0.3475453559375421,5.459553662776876,24.62657516858828,6.7136047908949825,4.685987686062037,79,20.97902097902098,66.84491978609627,365.33333333333326,102.3903978890468,95.73349004577513,7,0.001905,0.0047243999999999,0.0077724,0.003910956962025264,0.0018443464838481098,6,PM_noF1,Tsub_qM_exp_DIAG,Tsub_K + q_M_MWm2_input,2,0.7910886116239862,0.785590943508828,0.010007305545888478,0.0035029505777021755,0.5800207008840108,,,,,0.1933636177777287,0.6430701114462556,,,,
G_1900_4200,79,0.1135786841963328,1.3302273036188437,2.721081299499212,1.3329322807930606,0.48724794834005475,79,21.424642698647403,94.40186587765923,313.18434543454475,121.42525534006708,80.6788135406355,61,1966.5335,3037.9552,4163.626099999999,2999.51723835443,605.5882424267372,60,-0.457,-0.047,0.049,-0.07534177215189872,0.10012849258621867,64,2.11672989,4.28393322,9.9685044,4.641919287721519,1.6204423357509599,70,0.3475453559375421,5.459553662776876,24.62657516858828,6.7136047908949825,4.685987686062037,79,20.97902097902098,66.84491978609627,365.33333333333326,102.3903978890468,95.73349004577513,7,0.001905,0.0047243999999999,0.0077724,0.003910956962025264,0.0018443464838481098,6,PM_noF1,Tsub_G_xMes,Tsub_K + G + x_Mes_input,3,0.8779408573414544,0.8730584916351126,1.1660556386264807,0.001913225577216344,0.31679306220020237,-0.0001162522244705297,-0.14448697123332602,-3.7597109961157438,-0.7726131959783429,,,,,,
G_1900_4200,79,0.1135786841963328,1.3302273036188437,2.721081299499212,1.3329322807930606,0.48724794834005475,79,21.424642698647403,94.40186587765923,313.18434543454475,121.42525534006708,80.6788135406355,61,1966.5335,3037.9552,4163.626099999999,2999.51723835443,605.5882424267372,60,-0.457,-0.047,0.049,-0.07534177215189872,0.10012849258621867,64,2.11672989,4.28393322,9.9685044,4.641919287721519,1.6204423357509599,70,0.3475453559375421,5.459553662776876,24.62657516858828,6.7136047908949825,4.685987686062037,79,20.97902097902098,66.84491978609627,365.33333333333326,102.3903978890468,95.73349004577513,7,0.001905,0.0047243999999999,0.0077724,0.003910956962025264,0.0018443464838481098,6,PM_noF1,Tsub_G_xMes_qM_DIAG,Tsub_K + G + x_Mes_input + q_M_MWm2_input,4,0.9080528197195638,0.9030827018665673,0.8827181648686779,0.0026117861238526634,0.43246114511553463,-0.00018067604590294527,-0.22455772150448433,-2.147685460027776,-0.44134512704369694,0.11055939855733107,0.3676878079175155,,,,
G_gt_4200,70,0.0735487784385007,1.3279351757683873,3.6053610399898135,1.4286765828189563,0.8772780972918671,70,20.88259301344499,84.60619664825765,256.20145638583585,100.39522088351013,63.70816782886811,60,4204.313,5580.88645,10565.0317,6570.35310857143,2026.640765445436,54,-0.459,-0.1255,0.05,-0.16998571428571424,0.1646958983198897,59,3.15459,7.192465199999999,14.7634812,7.617208210714284,2.8609418059484764,59,0.2974833994253418,9.912679105009449,46.85855583854284,12.980666374036739,11.270800312571282,70,20.97902097902098,66.84491978609627,108.84955752212387,75.27741370049851,24.339196748260246,5,0.0036321999999999,0.0047497999999999,0.0057404,0.004934494285714215,0.0005861401333375402,5,PM_noF1,Tsub_only,Tsub_K,1,0.6699398474335552,0.6650860216605192,0.2971282327339143,0.011270938398531863,0.8184985323343933,,,,,,,,,,
G_gt_4200,70,0.0735487784385007,1.3279351757683873,3.6053610399898135,1.4286765828189563,0.8772780972918671,70,20.88259301344499,84.60619664825765,256.20145638583585,100.39522088351013,63.70816782886811,60,4204.313,5580.88645,10565.0317,6570.35310857143,2026.640765445436,54,-0.459,-0.1255,0.05,-0.16998571428571424,0.1646958983198897,59,3.15459,7.192465199999999,14.7634812,7.617208210714284,2.8609418059484764,59,0.2974833994253418,9.912679105009449,46.85855583854284,12.980666374036739,11.270800312571282,70,20.97902097902098,66.84491978609627,108.84955752212387,75.27741370049851,24.339196748260246,5,0.0036321999999999,0.0047497999999999,0.0057404,0.004934494285714215,0.0005861401333375402,5,PM_noF1,G_only,G,1,0.06469513300417751,0.050940649666003646,0.7052657167512318,,,0.00011010228127982808,0.2543523795921265,,,,,,,,
G_gt_4200,70,0.0735487784385007,1.3279351757683873,3.6053610399898135,1.4286765828189563,0.8772780972918671,70,20.88259301344499,84.60619664825765,256.20145638583585,100.39522088351013,63.70816782886811,60,4204.313,5580.88645,10565.0317,6570.35310857143,2026.640765445436,54,-0.459,-0.1255,0.05,-0.16998571428571424,0.1646958983198897,59,3.15459,7.192465199999999,14.7634812,7.617208210714284,2.8609418059484764,59,0.2974833994253418,9.912679105009449,46.85855583854284,12.980666374036739,11.270800312571282,70,20.97902097902098,66.84491978609627,108.84955752212387,75.27741370049851,24.339196748260246,5,0.0036321999999999,0.0047497999999999,0.0057404,0.004934494285714215,0.0005861401333375402,5,PM_noF1,xMes_only,x_Mes_input,1,0.9013124864927246,0.8998611995293823,0.5690603231855463,,,,,-5.056991190380596,-0.9493747871587517,,,,,,
G_gt_4200,70,0.0735487784385007,1.3279351757683873,3.6053610399898135,1.4286765828189563,0.8772780972918671,70,20.88259301344499,84.60619664825765,256.20145638583585,100.39522088351013,63.70816782886811,60,4204.313,5580.88645,10565.0317,6570.35310857143,2026.640765445436,54,-0.459,-0.1255,0.05,-0.16998571428571424,0.1646958983198897,59,3.15459,7.192465199999999,14.7634812,7.617208210714284,2.8609418059484764,59,0.2974833994253418,9.912679105009449,46.85855583854284,12.980666374036739,11.270800312571282,70,20.97902097902098,66.84491978609627,108.84955752212387,75.27741370049851,24.339196748260246,5,0.0036321999999999,0.0047497999999999,0.0057404,0.004934494285714215,0.0005861401333375402,5,PM_noF1,qM_exp_only_DIAG,q_M_MWm2_input,1,0.719240188822062,0.7151113680694452,-0.5522166242610022,,,,,,,0.2600550165208369,0.8480802962114276,,,,
G_gt_4200,70,0.0735487784385007,1.3279351757683873,3.6053610399898135,1.4286765828189563,0.8772780972918671,70,20.88259301344499,84.60619664825765,256.20145638583585,100.39522088351013,63.70816782886811,60,4204.313,5580.88645,10565.0317,6570.35310857143,2026.640765445436,54,-0.459,-0.1255,0.05,-0.16998571428571424,0.1646958983198897,59,3.15459,7.192465199999999,14.7634812,7.617208210714284,2.8609418059484764,59,0.2974833994253418,9.912679105009449,46.85855583854284,12.980666374036739,11.270800312571282,70,20.97902097902098,66.84491978609627,108.84955752212387,75.27741370049851,24.339196748260246,5,0.0036321999999999,0.0047497999999999,0.0057404,0.004934494285714215,0.0005861401333375402,5,PM_noF1,qP_calc_only_DIAG,q_P_MWm2,1,0.909508653039221,0.9081778979368567,0.46510732228860563,,,,,,,,,0.07423110900204878,0.9536816308597017,,
G_gt_4200,70,0.0735487784385007,1.3279351757683873,3.6053610399898135,1.4286765828189563,0.8772780972918671,70,20.88259301344499,84.60619664825765,256.20145638583585,100.39522088351013,63.70816782886811,60,4204.313,5580.88645,10565.0317,6570.35310857143,2026.640765445436,54,-0.459,-0.1255,0.05,-0.16998571428571424,0.1646958983198897,59,3.15459,7.192465199999999,14.7634812,7.617208210714284,2.8609418059484764,59,0.2974833994253418,9.912679105009449,46.85855583854284,12.980666374036739,11.270800312571282,70,20.97902097902098,66.84491978609627,108.84955752212387,75.27741370049851,24.339196748260246,5,0.0036321999999999,0.0047497999999999,0.0057404,0.004934494285714215,0.0005861401333375402,5,PM_noF1,LD_only,L_DNB_over_DH_input,1,0.0014830607159794784,-0.01320101192055012,1.5331666962228256,,,,,,,,,,,-0.0013880672603816865,-0.03851052733966562
G_gt_4200,70,0.0735487784385007,1.3279351757683873,3.6053610399898135,1.4286765828189563,0.8772780972918671,70,20.88259301344499,84.60619664825765,256.20145638583585,100.39522088351013,63.70816782886811,60,4204.313,5580.88645,10565.0317,6570.35310857143,2026.640765445436,54,-0.459,-0.1255,0.05,-0.16998571428571424,0.1646958983198897,59,3.15459,7.192465199999999,14.7634812,7.617208210714284,2.8609418059484764,59,0.2974833994253418,9.912679105009449,46.85855583854284,12.980666374036739,11.270800312571282,70,20.97902097902098,66.84491978609627,108.84955752212387,75.27741370049851,24.339196748260246,5,0.0036321999999999,0.0047497999999999,0.0057404,0.004934494285714215,0.0005861401333375402,5,PM_noF1,Tsub_G,Tsub_K + G,2,0.7005176516595273,0.6915778800672743,-0.17878213418912825,0.011033464927443018,0.8012531459537986,7.606159977231664e-05,0.17571342457930852,,,,,,,,
G_gt_4200,70,0.0735487784385007,1.3279351757683873,3.6053610399898135,1.4286765828189563,0.8772780972918671,70,20.88259301344499,84.60619664825765,256.20145638583585,100.39522088351013,63.70816782886811,60,4204.313,5580.88645,10565.0317,6570.35310857143,2026.640765445436,54,-0.459,-0.1255,0.05,-0.16998571428571424,0.1646958983198897,59,3.15459,7.192465199999999,14.7634812,7.617208210714284,2.8609418059484764,59,0.2974833994253418,9.912679105009449,46.85855583854284,12.980666374036739,11.270800312571282,70,20.97902097902098,66.84491978609627,108.84955752212387,75.27741370049851,24.339196748260246,5,0.0036321999999999,0.0047497999999999,0.0057404,0.004934494285714215,0.0005861401333375402,5,PM_noF1,Tsub_xMes,Tsub_K + x_Mes_input,2,0.9043273566795893,0.90147145687898,0.6382491519123078,-0.001648862629602771,-0.11974084096907944,,,-5.623798228158063,-1.0557843675973453,,,,,,
G_gt_4200,70,0.0735487784385007,1.3279351757683873,3.6053610399898135,1.4286765828189563,0.8772780972918671,70,20.88259301344499,84.60619664825765,256.20145638583585,100.39522088351013,63.70816782886811,60,4204.313,5580.88645,10565.0317,6570.35310857143,2026.640765445436,54,-0.459,-0.1255,0.05,-0.16998571428571424,0.1646958983198897,59,3.15459,7.192465199999999,14.7634812,7.617208210714284,2.8609418059484764,59,0.2974833994253418,9.912679105009449,46.85855583854284,12.980666374036739,11.270800312571282,70,20.97902097902098,66.84491978609627,108.84955752212387,75.27741370049851,24.339196748260246,5,0.0036321999999999,0.0047497999999999,0.0057404,0.004934494285714215,0.0005861401333375402,5,PM_noF1,Tsub_qM_exp_DIAG,Tsub_K + q_M_MWm2_input,2,0.8281292540624249,0.8229987840344376,-0.4598910060646952,0.006195251350063189,0.44990079425240376,,,,,0.166280601255407,0.5422671842809857,,,,
G_gt_4200,70,0.0735487784385007,1.3279351757683873,3.6053610399898135,1.4286765828189563,0.8772780972918671,70,20.88259301344499,84.60619664825765,256.20145638583585,100.39522088351013,63.70816782886811,60,4204.313,5580.88645,10565.0317,6570.35310857143,2026.640765445436,54,-0.459,-0.1255,0.05,-0.16998571428571424,0.1646958983198897,59,3.15459,7.192465199999999,14.7634812,7.617208210714284,2.8609418059484764,59,0.2974833994253418,9.912679105009449,46.85855583854284,12.980666374036739,11.270800312571282,70,20.97902097902098,66.84491978609627,108.84955752212387,75.27741370049851,24.339196748260246,5,0.0036321999999999,0.0047497999999999,0.0057404,0.004934494285714215,0.0005861401333375402,5,PM_noF1,Tsub_G_xMes,Tsub_K + G + x_Mes_input,3,0.9057804552686481,0.9014977486899504,0.7661669863443497,-0.002079000487997317,-0.15097756619537128,-1.8386916896462052e-05,-0.04247646834936275,-5.8360189292391755,-1.0956256438295067,,,,,,
G_gt_4200,70,0.0735487784385007,1.3279351757683873,3.6053610399898135,1.4286765828189563,0.8772780972918671,70,20.88259301344499,84.60619664825765,256.20145638583585,100.39522088351013,63.70816782886811,60,4204.313,5580.88645,10565.0317,6570.35310857143,2026.640765445436,54,-0.459,-0.1255,0.05,-0.16998571428571424,0.1646958983198897,59,3.15459,7.192465199999999,14.7634812,7.617208210714284,2.8609418059484764,59,0.2974833994253418,9.912679105009449,46.85855583854284,12.980666374036739,11.270800312571282,70,20.97902097902098,66.84491978609627,108.84955752212387,75.27741370049851,24.339196748260246,5,0.0036321999999999,0.0047497999999999,0.0057404,0.004934494285714215,0.0005861401333375402,5,PM_noF1,Tsub_G_xMes_qM_DIAG,Tsub_K + G + x_Mes_input + q_M_MWm2_input,4,0.9245044116755612,0.9198585293171342,0.5236025329645134,-0.001887290066951242,-0.137055504632159,-5.5048069327430866e-05,-0.12716909461482498,-4.6372208147119505,-0.8705691503575573,0.08769261591071997,0.285979408019456,,,,
G_ge_2400,133,0.0735487784385007,1.2980153216050032,3.6053610399898135,1.368836099575275,0.7179920633585389,133,20.88259301344499,86.04557897376492,313.18434543454475,108.96294028844311,72.27812451648474,105,2400.5271,4367.060600000001,10565.0317,4975.742742330826,2260.6133143554985,100,-0.459,-0.059,0.05,-0.12421804511278196,0.14487859799416727,97,2.47635315,5.5205325,14.7634812,6.272439699924811,2.719345634646004,108,0.2974833994253418,6.329131803324924,46.85855583854284,10.016964447528585,9.241906871648004,133,20.97902097902098,66.84491978609627,365.33333333333326,87.93212337998185,68.41631010405817,8,0.001905,0.0047497999999999,0.0077724,0.004447482706766853,0.0013715033022039102,7,PM_noF1,Tsub_only,Tsub_K,1,0.45153734177657556,0.4473506039275418,0.6414945147133161,0.006675128102605938,0.6719652831631822,,,,,,,,,,
G_ge_2400,133,0.0735487784385007,1.2980153216050032,3.6053610399898135,1.368836099575275,0.7179920633585389,133,20.88259301344499,86.04557897376492,313.18434543454475,108.96294028844311,72.27812451648474,105,2400.5271,4367.060600000001,10565.0317,4975.742742330826,2260.6133143554985,100,-0.459,-0.059,0.05,-0.12421804511278196,0.14487859799416727,97,2.47635315,5.5205325,14.7634812,6.272439699924811,2.719345634646004,108,0.2974833994253418,6.329131803324924,46.85855583854284,10.016964447528585,9.241906871648004,133,20.97902097902098,66.84491978609627,365.33333333333326,87.93212337998185,68.41631010405817,8,0.001905,0.0047497999999999,0.0077724,0.004447482706766853,0.0013715033022039102,7,PM_noF1,G_only,G,1,0.04741960199051387,0.04014799589883833,1.0246999993754948,,,6.91627598171552e-05,0.2177604233797175,,,,,,,,
G_ge_2400,133,0.0735487784385007,1.2980153216050032,3.6053610399898135,1.368836099575275,0.7179920633585389,133,20.88259301344499,86.04557897376492,313.18434543454475,108.96294028844311,72.27812451648474,105,2400.5271,4367.060600000001,10565.0317,4975.742742330826,2260.6133143554985,100,-0.459,-0.059,0.05,-0.12421804511278196,0.14487859799416727,97,2.47635315,5.5205325,14.7634812,6.272439699924811,2.719345634646004,108,0.2974833994253418,6.329131803324924,46.85855583854284,10.016964447528585,9.241906871648004,133,20.97902097902098,66.84491978609627,365.33333333333326,87.93212337998185,68.41631010405817,8,0.001905,0.0047497999999999,0.0077724,0.004447482706766853,0.0013715033022039102,7,PM_noF1,xMes_only,x_Mes_input,1,0.8144304921960646,0.8130139310677903,0.8132810340244134,,,,,-4.472418359558416,-0.9024580279415014,,,,,,
G_ge_2400,133,0.0735487784385007,1.2980153216050032,3.6053610399898135,1.368836099575275,0.7179920633585389,133,20.88259301344499,86.04557897376492,313.18434543454475,108.96294028844311,72.27812451648474,105,2400.5271,4367.060600000001,10565.0317,4975.742742330826,2260.6133143554985,100,-0.459,-0.059,0.05,-0.12421804511278196,0.14487859799416727,97,2.47635315,5.5205325,14.7634812,6.272439699924811,2.719345634646004,108,0.2974833994253418,6.329131803324924,46.85855583854284,10.016964447528585,9.241906871648004,133,20.97902097902098,66.84491978609627,365.33333333333326,87.93212337998185,68.41631010405817,8,0.001905,0.0047497999999999,0.0077724,0.004447482706766853,0.0013715033022039102,7,PM_noF1,qM_exp_only_DIAG,q_M_MWm2_input,1,0.54535621620231,0.5418856529672131,0.14582088002258023,,,,,,,0.1949823797536635,0.7384823736571577,,,,
G_ge_2400,133,0.0735487784385007,1.2980153216050032,3.6053610399898135,1.368836099575275,0.7179920633585389,133,20.88259301344499,86.04557897376492,313.18434543454475,108.96294028844311,72.27812451648474,105,2400.5271,4367.060600000001,10565.0317,4975.742742330826,2260.6133143554985,100,-0.459,-0.059,0.05,-0.12421804511278196,0.14487859799416727,97,2.47635315,5.5205325,14.7634812,6.272439699924811,2.719345634646004,108,0.2974833994253418,6.329131803324924,46.85855583854284,10.016964447528585,9.241906871648004,133,20.97902097902098,66.84491978609627,365.33333333333326,87.93212337998185,68.41631010405817,8,0.001905,0.0047497999999999,0.0077724,0.004447482706766853,0.0013715033022039102,7,PM_noF1,qP_calc_only_DIAG,q_P_MWm2,1,0.817588796962037,0.8161963450304495,0.6651780600483408,,,,,,,,,0.07024663441832849,0.9042061695000964,,
G_ge_2400,133,0.0735487784385007,1.2980153216050032,3.6053610399898135,1.368836099575275,0.7179920633585389,133,20.88259301344499,86.04557897376492,313.18434543454475,108.96294028844311,72.27812451648474,105,2400.5271,4367.060600000001,10565.0317,4975.742742330826,2260.6133143554985,100,-0.459,-0.059,0.05,-0.12421804511278196,0.14487859799416727,97,2.47635315,5.5205325,14.7634812,6.272439699924811,2.719345634646004,108,0.2974833994253418,6.329131803324924,46.85855583854284,10.016964447528585,9.241906871648004,133,20.97902097902098,66.84491978609627,365.33333333333326,87.93212337998185,68.41631010405817,8,0.001905,0.0047497999999999,0.0077724,0.004447482706766853,0.0013715033022039102,7,PM_noF1,LD_only,L_DNB_over_DH_input,1,0.004201945775133664,-0.00339956608917813,1.3090179769973274,,,,,,,,,,,0.000680276107054244,0.06482241722686449
G_ge_2400,133,0.0735487784385007,1.2980153216050032,3.6053610399898135,1.368836099575275,0.7179920633585389,133,20.88259301344499,86.04557897376492,313.18434543454475,108.96294028844311,72.27812451648474,105,2400.5271,4367.060600000001,10565.0317,4975.742742330826,2260.6133143554985,100,-0.459,-0.059,0.05,-0.12421804511278196,0.14487859799416727,97,2.47635315,5.5205325,14.7634812,6.272439699924811,2.719345634646004,108,0.2974833994253418,6.329131803324924,46.85855583854284,10.016964447528585,9.241906871648004,133,20.97902097902098,66.84491978609627,365.33333333333326,87.93212337998185,68.41631010405817,8,0.001905,0.0047497999999999,0.0077724,0.004447482706766853,0.0013715033022039102,7,PM_noF1,Tsub_G,Tsub_K + G,2,0.5100007009041705,0.50246225014885,0.24983259392626944,0.00676053547545643,0.680562989244555,7.68439411197989e-05,0.24194478642338338,,,,,,,,
G_ge_2400,133,0.0735487784385007,1.2980153216050032,3.6053610399898135,1.368836099575275,0.7179920633585389,133,20.88259301344499,86.04557897376492,313.18434543454475,108.96294028844311,72.27812451648474,105,2400.5271,4367.060600000001,10565.0317,4975.742742330826,2260.6133143554985,100,-0.459,-0.059,0.05,-0.12421804511278196,0.14487859799416727,97,2.47635315,5.5205325,14.7634812,6.272439699924811,2.719345634646004,108,0.2974833994253418,6.329131803324924,46.85855583854284,10.016964447528585,9.241906871648004,133,20.97902097902098,66.84491978609627,365.33333333333326,87.93212337998185,68.41631010405817,8,0.001905,0.0047497999999999,0.0077724,0.004447482706766853,0.0013715033022039102,7,PM_noF1,Tsub_xMes,Tsub_K + x_Mes_input,2,0.855084257893194,0.8528547849377046,0.6337538442706836,0.0024163664830456543,0.2432484235578809,,,-3.7980621742126046,-0.7663844086530271,,,,,,
G_ge_2400,133,0.0735487784385007,1.2980153216050032,3.6053610399898135,1.368836099575275,0.7179920633585389,133,20.88259301344499,86.04557897376492,313.18434543454475,108.96294028844311,72.27812451648474,105,2400.5271,4367.060600000001,10565.0317,4975.742742330826,2260.6133143554985,100,-0.459,-0.059,0.05,-0.12421804511278196,0.14487859799416727,97,2.47635315,5.5205325,14.7634812,6.272439699924811,2.719345634646004,108,0.2974833994253418,6.329131803324924,46.85855583854284,10.016964447528585,9.241906871648004,133,20.97902097902098,66.84491978609627,365.33333333333326,87.93212337998185,68.41631010405817,8,0.001905,0.0047497999999999,0.0077724,0.004447482706766853,0.0013715033022039102,7,PM_noF1,Tsub_qM_exp_DIAG,Tsub_K + q_M_MWm2_input,2,0.7712560892589975,0.7677369521706744,-0.14960793026830932,0.0049412347641491425,0.49741940026154824,,,,,0.15624423799533216,0.591764321939345,,,,
G_ge_2400,133,0.0735487784385007,1.2980153216050032,3.6053610399898135,1.368836099575275,0.7179920633585389,133,20.88259301344499,86.04557897376492,313.18434543454475,108.96294028844311,72.27812451648474,105,2400.5271,4367.060600000001,10565.0317,4975.742742330826,2260.6133143554985,100,-0.459,-0.059,0.05,-0.12421804511278196,0.14487859799416727,97,2.47635315,5.5205325,14.7634812,6.272439699924811,2.719345634646004,108,0.2974833994253418,6.329131803324924,46.85855583854284,10.016964447528585,9.241906871648004,133,20.97902097902098,66.84491978609627,365.33333333333326,87.93212337998185,68.41631010405817,8,0.001905,0.0047497999999999,0.0077724,0.004447482706766853,0.0013715033022039102,7,PM_noF1,Tsub_G_xMes,Tsub_K + G + x_Mes_input,3,0.8676074639571638,0.8645285677701211,0.8466656344411213,0.001900849455131887,0.1913528583623185,-4.194043921458086e-05,-0.13205036676157877,-4.216240522976339,-0.8507656935895315,,,,,,
G_ge_2400,133,0.0735487784385007,1.2980153216050032,3.6053610399898135,1.368836099575275,0.7179920633585389,133,20.88259301344499,86.04557897376492,313.18434543454475,108.96294028844311,72.27812451648474,105,2400.5271,4367.060600000001,10565.0317,4975.742742330826,2260.6133143554985,100,-0.459,-0.059,0.05,-0.12421804511278196,0.14487859799416727,97,2.47635315,5.5205325,14.7634812,6.272439699924811,2.719345634646004,108,0.2974833994253418,6.329131803324924,46.85855583854284,10.016964447528585,9.241906871648004,133,20.97902097902098,66.84491978609627,365.33333333333326,87.93212337998185,68.41631010405817,8,0.001905,0.0047497999999999,0.0077724,0.004447482706766853,0.0013715033022039102,7,PM_noF1,Tsub_G_xMes_qM_DIAG,Tsub_K + G + x_Mes_input + q_M_MWm2_input,4,0.8863330368395504,0.8827809442407863,0.5880271031243606,0.0022959985575758523,0.23113134267512206,-7.783673478769939e-05,-0.24507061844660957,-2.960087226016831,-0.5972953032930786,0.08772177791577916,0.33224020990262837,,,,
G_2400_4200,63,0.1135786841963328,1.2980153216050032,2.601409107771878,1.302346673748962,0.48218128812646244,63,21.424642698647403,86.04557897376492,313.18434543454475,118.48262851614639,80.18975865580148,49,2400.5271,3146.4536,4163.626099999999,3203.953446507936,498.39498857678706,46,-0.457,-0.047,0.049,-0.07336507936507937,0.09750935465252379,50,2.47635315,4.416425999999999,9.9685044,4.778252465714286,1.5245999814626898,56,0.3475453559375421,5.490002816189191,24.62657516858828,6.723962306963969,4.420169999777685,63,20.97902097902098,66.84491978609627,365.33333333333326,101.99291191274114,94.4699761911176,7,0.001905,0.0047243999999999,0.0077724,0.003906358730158674,0.0017484517601649985,6,PM_noF1,Tsub_only,Tsub_K,1,0.4032769467981925,0.3934946016637366,0.8499203924685347,0.0038185030746407875,0.635040901673422,,,,,,,,,,
G_2400_4200,63,0.1135786841963328,1.2980153216050032,2.601409107771878,1.302346673748962,0.48218128812646244,63,21.424642698647403,86.04557897376492,313.18434543454475,118.48262851614639,80.18975865580148,49,2400.5271,3146.4536,4163.626099999999,3203.953446507936,498.39498857678706,46,-0.457,-0.047,0.049,-0.07336507936507937,0.09750935465252379,50,2.47635315,4.416425999999999,9.9685044,4.778252465714286,1.5245999814626898,56,0.3475453559375421,5.490002816189191,24.62657516858828,6.723962306963969,4.420169999777685,63,20.97902097902098,66.84491978609627,365.33333333333326,101.99291191274114,94.4699761911176,7,0.001905,0.0047243999999999,0.0077724,0.003906358730158674,0.0017484517601649985,6,PM_noF1,G_only,G,1,0.008216666535837858,-0.008042076635705664,1.0213697106502264,,,8.769695558622406e-05,0.09064583021760036,,,,,,,,
G_2400_4200,63,0.1135786841963328,1.2980153216050032,2.601409107771878,1.302346673748962,0.48218128812646244,63,21.424642698647403,86.04557897376492,313.18434543454475,118.48262851614639,80.18975865580148,49,2400.5271,3146.4536,4163.626099999999,3203.953446507936,498.39498857678706,46,-0.457,-0.047,0.049,-0.07336507936507937,0.09750935465252379,50,2.47635315,4.416425999999999,9.9685044,4.778252465714286,1.5245999814626898,56,0.3475453559375421,5.490002816189191,24.62657516858828,6.723962306963969,4.420169999777685,63,20.97902097902098,66.84491978609627,365.33333333333326,101.99291191274114,94.4699761911176,7,0.001905,0.0047243999999999,0.0077724,0.003906358730158674,0.0017484517601649985,6,PM_noF1,xMes_only,x_Mes_input,1,0.7485617268336022,0.744439787929235,0.9884640519492257,,,,,-4.2783654637350494,-0.8651946178944956,,,,,,
G_2400_4200,63,0.1135786841963328,1.2980153216050032,2.601409107771878,1.302346673748962,0.48218128812646244,63,21.424642698647403,86.04557897376492,313.18434543454475,118.48262851614639,80.18975865580148,49,2400.5271,3146.4536,4163.626099999999,3203.953446507936,498.39498857678706,46,-0.457,-0.047,0.049,-0.07336507936507937,0.09750935465252379,50,2.47635315,4.416425999999999,9.9685044,4.778252465714286,1.5245999814626898,56,0.3475453559375421,5.490002816189191,24.62657516858828,6.723962306963969,4.420169999777685,63,20.97902097902098,66.84491978609627,365.33333333333326,101.99291191274114,94.4699761911176,7,0.001905,0.0047243999999999,0.0077724,0.003906358730158674,0.0017484517601649985,6,PM_noF1,qM_exp_only_DIAG,q_M_MWm2_input,1,0.4795978522036909,0.47106666945293163,0.2557914494076399,,,,,,,0.2190246814815125,0.6925300370407704,,,,
G_2400_4200,63,0.1135786841963328,1.2980153216050032,2.601409107771878,1.302346673748962,0.48218128812646244,63,21.424642698647403,86.04557897376492,313.18434543454475,118.48262851614639,80.18975865580148,49,2400.5271,3146.4536,4163.626099999999,3203.953446507936,498.39498857678706,46,-0.457,-0.047,0.049,-0.07336507936507937,0.09750935465252379,50,2.47635315,4.416425999999999,9.9685044,4.778252465714286,1.5245999814626898,56,0.3475453559375421,5.490002816189191,24.62657516858828,6.723962306963969,4.420169999777685,63,20.97902097902098,66.84491978609627,365.33333333333326,101.99291191274114,94.4699761911176,7,0.001905,0.0047243999999999,0.0077724,0.003906358730158674,0.0017484517601649985,6,PM_noF1,qP_calc_only_DIAG,q_P_MWm2,1,0.7592429432576319,0.7552961062618553,0.6632198684749542,,,,,,,,,0.09505211006493418,0.8713454787038448,,
G_2400_4200,63,0.1135786841963328,1.2980153216050032,2.601409107771878,1.302346673748962,0.48218128812646244,63,21.424642698647403,86.04557897376492,313.18434543454475,118.48262851614639,80.18975865580148,49,2400.5271,3146.4536,4163.626099999999,3203.953446507936,498.39498857678706,46,-0.457,-0.047,0.049,-0.07336507936507937,0.09750935465252379,50,2.47635315,4.416425999999999,9.9685044,4.778252465714286,1.5245999814626898,56,0.3475453559375421,5.490002816189191,24.62657516858828,6.723962306963969,4.420169999777685,63,20.97902097902098,66.84491978609627,365.33333333333326,101.99291191274114,94.4699761911176,7,0.001905,0.0047243999999999,0.0077724,0.003906358730158674,0.0017484517601649985,6,PM_noF1,LD_only,L_DNB_over_DH_input,1,0.0434894869186252,0.02780898670417653,1.193784462657395,,,,,,,,,,,0.0010644093697848999,0.20854133143965833
G_2400_4200,63,0.1135786841963328,1.2980153216050032,2.601409107771878,1.302346673748962,0.48218128812646244,63,21.424642698647403,86.04557897376492,313.18434543454475,118.48262851614639,80.18975865580148,49,2400.5271,3146.4536,4163.626099999999,3203.953446507936,498.39498857678706,46,-0.457,-0.047,0.049,-0.07336507936507937,0.09750935465252379,50,2.47635315,4.416425999999999,9.9685044,4.778252465714286,1.5245999814626898,56,0.3475453559375421,5.490002816189191,24.62657516858828,6.723962306963969,4.420169999777685,63,20.97902097902098,66.84491978609627,365.33333333333326,101.99291191274114,94.4699761911176,7,0.001905,0.0047243999999999,0.0077724,0.003906358730158674,0.0017484517601649985,6,PM_noF1,Tsub_G,Tsub_K + G,2,0.4033172475720964,0.38342782249116625,0.8691331463698108,0.003824397975712351,0.6360212605257224,-6.2145713436558395e-06,-0.006423540875809769,,,,,,,,
G_2400_4200,63,0.1135786841963328,1.2980153216050032,2.601409107771878,1.302346673748962,0.48218128812646244,63,21.424642698647403,86.04557897376492,313.18434543454475,118.48262851614639,80.18975865580148,49,2400.5271,3146.4536,4163.626099999999,3203.953446507936,498.39498857678706,46,-0.457,-0.047,0.049,-0.07336507936507937,0.09750935465252379,50,2.47635315,4.416425999999999,9.9685044,4.778252465714286,1.5245999814626898,56,0.3475453559375421,5.490002816189191,24.62657516858828,6.723962306963969,4.420169999777685,63,20.97902097902098,66.84491978609627,365.33333333333326,101.99291191274114,94.4699761911176,7,0.001905,0.0047243999999999,0.0077724,0.003906358730158674,0.0017484517601649985,6,PM_noF1,Tsub_xMes,Tsub_K + x_Mes_input,2,0.8543668897986808,0.8495124527919702,0.7866833820860737,0.002121544829536505,0.35282615075966495,,,-3.602491621788711,-0.7285156886668958,,,,,,
G_2400_4200,63,0.1135786841963328,1.2980153216050032,2.601409107771878,1.302346673748962,0.48218128812646244,63,21.424642698647403,86.04557897376492,313.18434543454475,118.48262851614639,80.18975865580148,49,2400.5271,3146.4536,4163.626099999999,3203.953446507936,498.39498857678706,46,-0.457,-0.047,0.049,-0.07336507936507937,0.09750935465252379,50,2.47635315,4.416425999999999,9.9685044,4.778252465714286,1.5245999814626898,56,0.3475453559375421,5.490002816189191,24.62657516858828,6.723962306963969,4.420169999777685,63,20.97902097902098,66.84491978609627,365.33333333333326,101.99291191274114,94.4699761911176,7,0.001905,0.0047243999999999,0.0077724,0.003906358730158674,0.0017484517601649985,6,PM_noF1,Tsub_qM_exp_DIAG,Tsub_K + q_M_MWm2_input,2,0.7983145733672389,0.7915917258128136,-0.05740366201279644,0.003414027200906493,0.5677740385753646,,,,,0.1999156440617121,0.6321095296229121,,,,
G_2400_4200,63,0.1135786841963328,1.2980153216050032,2.601409107771878,1.302346673748962,0.48218128812646244,63,21.424642698647403,86.04557897376492,313.18434543454475,118.48262851614639,80.18975865580148,49,2400.5271,3146.4536,4163.626099999999,3203.953446507936,498.39498857678706,46,-0.457,-0.047,0.049,-0.07336507936507937,0.09750935465252379,50,2.47635315,4.416425999999999,9.9685044,4.778252465714286,1.5245999814626898,56,0.3475453559375421,5.490002816189191,24.62657516858828,6.723962306963969,4.420169999777685,63,20.97902097902098,66.84491978609627,365.33333333333326,101.99291191274114,94.4699761911176,7,0.001905,0.0047243999999999,0.0077724,0.003906358730158674,0.0017484517601649985,6,PM_noF1,Tsub_G_xMes,Tsub_K + G + x_Mes_input,3,0.8795832912653384,0.8734604077703556,1.2760822008459327,0.002181770301562713,0.362842022768051,-0.00015939786419382753,-0.16475773461207488,-3.7956195442729577,-0.7675710803847986,,,,,,
G_2400_4200,63,0.1135786841963328,1.2980153216050032,2.601409107771878,1.302346673748962,0.48218128812646244,63,21.424642698647403,86.04557897376492,313.18434543454475,118.48262851614639,80.18975865580148,49,2400.5271,3146.4536,4163.626099999999,3203.953446507936,498.39498857678706,46,-0.457,-0.047,0.049,-0.07336507936507937,0.09750935465252379,50,2.47635315,4.416425999999999,9.9685044,4.778252465714286,1.5245999814626898,56,0.3475453559375421,5.490002816189191,24.62657516858828,6.723962306963969,4.420169999777685,63,20.97902097902098,66.84491978609627,365.33333333333326,101.99291191274114,94.4699761911176,7,0.001905,0.0047243999999999,0.0077724,0.003906358730158674,0.0017484517601649985,6,PM_noF1,Tsub_G_xMes_qM_DIAG,Tsub_K + G + x_Mes_input + q_M_MWm2_input,4,0.9037355604147765,0.8970966335468301,0.9897294446988135,0.0026686643490704126,0.4438155427325102,-0.00020399793086627307,-0.21085751132905978,-2.427586230652724,-0.49091985222831214,0.09876553885196973,0.3122849069650612,,,,
