No_TableNo,ExptNo,ExptNo_norm,PM,Tsub,x,G_kg_m2s,G_Mlb_ft2h,LD,old86_member,policy_class,high_PM,deep_subcooled,scope_A_Gle4200,scope_B_Gle4200_LDge40,scope_C_B_xgtm020,scope_D_old86like_lowX,q_M_MWm2_result,q_P_MWm2,dq_ratio_pct_result,log_message
1.01_10,1.01,1.01,1.210743321832274,87.71658286249408,-0.017,2197.0926,1.62,80.0,False,B_main_x>-0.20,False,False,True,True,True,False,3.2176818,3.8957867511312494,-0.7654371621444488,収束 (|dq_ratio|<1%)  (f_solver=0)
10.01_10,10.01,10.01,1.3833732226484476,108.91216556473034,-0.055,2454.7763,1.81,80.0,True,B_main_x>-0.20,False,False,True,True,True,True,4.0378752,5.585888428076245,0.4802508576509365,収束 (|dq_ratio|<1%)  (f_solver=0)
11.01_10,11.01,11.01,1.3017638017483473,112.79283722267274,-0.033,3037.9552,2.24,80.0,True,B_main_x>-0.20,False,False,True,True,True,True,5.3943489,7.022168132021014,-0.1872476552264103,収束 (|dq_ratio|<1%)  (f_solver=0)
119.01_10,119.01,119.01,1.3863277403300396,130.49039377896224,-0.033,1301.9808,0.96,64.51612903225808,False,B_main_x>-0.20,False,False,True,True,True,False,3.26500065,4.52636097329061,-0.1320610891299221,収束 (|dq_ratio|<1%)  (f_solver=0)
12.01_10,12.01,12.01,1.4935344285189145,149.42602102406886,-0.075,3119.329,2.3000000000000003,80.0,True,B_main_x>-0.20,False,False,True,True,True,True,6.6877308,9.988356198466342,0.8977120839052108,収束 (|dq_ratio|<1%)  (f_solver=0)
121.01_10,121.01,121.01,1.4108242043517238,127.72429570818736,-0.053,1413.19166,1.042,64.51612903225808,False,B_main_x>-0.20,False,False,True,True,True,False,3.35963835,4.739859102048288,-0.798986849422719,収束 (|dq_ratio|<1%)  (f_solver=0)
126.01_10,126.01,126.01,1.6117607125194686,126.6305613660565,-0.132,2075.0319,1.53,64.51612903225808,False,B_main_x>-0.20,False,False,True,True,True,False,4.211377649999999,6.787733041852564,0.3937514538124077,収束 (|dq_ratio|<1%)  (f_solver=0)
128.01_10,128.01,128.01,1.0869991005075297,75.46157701295215,-0.009,2156.4057,1.59,64.51612903225808,False,B_main_x>-0.20,False,False,True,True,True,False,3.5015949,3.8062305066417537,0.0915708251838471,収束 (|dq_ratio|<1%)  (f_solver=0)
129.01_10,129.01,129.01,1.649010165697742,124.9664414921158,-0.159,2739.5846,2.02,64.51612903225808,True,B_main_x>-0.20,False,False,True,True,True,True,5.173527599999999,8.53119960491784,-0.9152176990799256,収束 (|dq_ratio|<1%)  (f_solver=0)
13.01_10,13.01,13.01,1.3302273036188437,116.64193414098276,-0.036,3119.329,2.3000000000000003,80.0,True,B_main_x>-0.20,False,False,True,True,True,True,5.678262,7.5533791495013425,0.8422884654773496,収束 (|dq_ratio|<1%)  (f_solver=0)
131.01_10,131.01,131.01,1.1061261701919292,75.46157701295215,-0.031,2759.92805,2.035,64.51612903225808,True,B_main_x>-0.20,False,False,True,True,True,True,4.2271506,4.675761904002514,-0.7744878257475547,収束 (|dq_ratio|<1%)  (f_solver=0)
132.01_10,132.01,132.01,1.134569617305732,76.03807390665122,-0.036,2759.92805,2.035,64.51612903225808,True,B_main_x>-0.20,False,False,True,True,True,True,4.1956047,4.76020561884513,0.0445915450897079,収束 (|dq_ratio|<1%)  (f_solver=0)
133.01_10,133.01,133.01,1.1153276507740155,75.46157701295215,-0.032,2766.7092,2.04,64.51612903225808,True,B_main_x>-0.20,False,False,True,True,True,True,4.22399601,4.711139546712115,-0.2361246822653695,収束 (|dq_ratio|<1%)  (f_solver=0)
134.01_10,134.01,134.01,1.122218412773748,75.46157701295215,-0.037,2780.2715,2.05,64.51612903225808,True,B_main_x>-0.20,False,False,True,True,True,True,4.192450109999999,4.704844708077324,-0.7900050223125996,収束 (|dq_ratio|<1%)  (f_solver=0)
135.01_10,135.01,135.01,1.1122264345889912,73.78437944703035,-0.037,2793.8338,2.06,64.51612903225808,True,B_main_x>-0.20,False,False,True,True,True,True,4.126203719999999,4.589272851883431,-0.8262041252486968,収束 (|dq_ratio|<1%)  (f_solver=0)
136.01_10,136.01,136.01,1.1306194974413708,75.46157701295215,-0.039,2793.8338,2.06,64.51612903225808,True,B_main_x>-0.20,False,False,True,True,True,True,4.18929552,4.736499195455786,-0.5423637626533144,収束 (|dq_ratio|<1%)  (f_solver=0)
137.01_10,137.01,137.01,1.142431618992315,77.09689440382374,-0.036,2797.90249,2.063,64.51612903225808,True,B_main_x>-0.20,False,False,True,True,True,True,4.31232453,4.926535894428173,0.5403904452571562,収束 (|dq_ratio|<1%)  (f_solver=0)
138.01_10,138.01,138.01,1.108769460004808,75.46157701295215,-0.033,2797.90249,2.063,64.51612903225808,True,B_main_x>-0.20,False,False,True,True,True,True,4.2586965,4.721912618629366,-0.973253513439539,収束 (|dq_ratio|<1%)  (f_solver=0)
139.01_10,139.01,139.01,1.1335405436405428,76.56717653219835,-0.039,2820.9584,2.08,64.51612903225808,True,B_main_x>-0.20,False,False,True,True,True,True,4.28393322,4.856011991118581,-0.7370088098814819,収束 (|dq_ratio|<1%)  (f_solver=0)
14.01_10,14.01,14.01,1.3520841914432156,116.0762191069394,-0.048,3119.329,2.3000000000000003,80.0,True,B_main_x>-0.20,False,False,True,True,True,True,5.5205325,7.464224721598494,0.2070985207298266,収束 (|dq_ratio|<1%)  (f_solver=0)
140.01_10,140.01,140.01,1.1661565613840124,77.67546587553511,-0.045,2834.5207,2.09,64.51612903225808,True,B_main_x>-0.20,False,False,True,True,True,True,4.2902424,5.0030943246878925,0.0034585697369281,収束 (|dq_ratio|<1%)  (f_solver=0)
141.01_10,141.01,141.01,1.7657520451572235,128.8193242292905,-0.191,3417.6996,2.52,64.51612903225808,True,B_main_x>-0.20,False,False,True,True,True,True,6.2145423,10.973340775941075,0.3136504604718872,収束 (|dq_ratio|<1%)  (f_solver=0)
142.01_10,142.01,142.01,1.1602147592744096,73.21081352671627,-0.059,3451.60535,2.545,64.51612903225808,True,B_main_x>-0.20,False,False,True,True,True,True,4.731885,5.490002816189191,-0.0339942427337829,収束 (|dq_ratio|<1%)  (f_solver=0)
144.01_10,144.01,144.01,1.1978769026901763,70.92420249940028,-0.082,4068.69,3.0,64.51612903225808,True,B_main_x>-0.20,False,False,True,True,True,True,5.0157981,6.008308692547271,-0.708482856115632,収束 (|dq_ratio|<1%)  (f_solver=0)
145.01_10,145.01,145.01,1.784314835756727,128.29772162697628,-0.202,4109.3769,3.03,64.51612903225808,False,B_deep_x<=-0.20,False,True,True,True,False,False,7.255556999999999,12.946197996778569,0.3373720653237075,収束 (|dq_ratio|<1%)  (f_solver=0)
146.01_10,146.01,146.01,0.1135786841963328,21.424642698647403,0.043,4163.626099999999,3.069999999999999,64.51612903225808,False,B_main_x>-0.20,False,False,True,True,True,False,3.059952299999999,0.3475453559375421,-0.9729485283103984,収束 (|dq_ratio|<1%)  (f_solver=0)
147.01_10,147.01,147.01,1.1333409354693746,69.26473455273185,-0.075,4773.9296,3.5200000000000005,64.51612903225808,False,excluded_G>4200,False,False,False,False,False,False,5.8675374,6.649920325817543,0.2982367795826831,収束 (|dq_ratio|<1%)  (f_solver=0)
149.01_10,149.01,149.01,1.8285357968013456,123.82415099235055,-0.227,5696.166,4.2,64.51612903225808,False,excluded_G>4200,False,True,False,False,False,False,9.0221274,16.497282914202252,0.1296515231224813,収束 (|dq_ratio|<1%)  (f_solver=0)
15.01_10,15.01,15.01,1.4666255843196985,149.42602102406886,-0.071,3132.8913,2.31,80.0,True,B_main_x>-0.20,False,False,True,True,True,True,6.7508226,9.900929140363626,-0.3910424877074285,収束 (|dq_ratio|<1%)  (f_solver=0)
150.01_10,150.01,150.01,1.0807270085888994,68.13071600661715,0.041,520.79232,0.384,66.84491978609627,False,B_main_x>-0.20,False,False,True,True,True,False,0.8517393,0.9204976657866032,-0.9326316078631304,収束 (|dq_ratio|<1%)  (f_solver=0)
152.01_10,152.01,152.01,1.058930953874542,70.35448789359657,0.049,644.20925,0.475,66.84491978609627,False,B_main_x>-0.20,False,False,True,True,True,False,1.1009519099999998,1.1658320562262987,0.1730496372109256,収束 (|dq_ratio|<1%)  (f_solver=0)
154.01_10,154.01,154.01,1.853006511199896,276.16725943459306,-0.189,782.54471,0.577,66.84491978609627,False,B_main_x>-0.20,False,False,True,True,True,False,3.2176818,5.962385326369401,-0.0650957104218938,収束 (|dq_ratio|<1%)  (f_solver=0)
16.01_10,16.01,16.01,1.1730140094852546,80.4334779483512,-0.027,3146.4536,2.32,80.0,True,B_main_x>-0.20,False,False,True,True,True,True,4.164058799999999,4.884499308720358,0.0653706673227114,収束 (|dq_ratio|<1%)  (f_solver=0)
161.01_10,161.01,161.01,1.5709889842154725,122.21707720506936,-0.093,1019.88496,0.752,66.84491978609627,False,B_main_x>-0.20,False,False,True,True,True,False,2.0820294,3.270845252212749,0.878898877562823,収束 (|dq_ratio|<1%)  (f_solver=0)
164.01_10,164.01,164.01,1.4179641588165113,160.48483099578448,-0.005,1063.28432,0.7839999999999999,66.84491978609627,False,B_main_x>-0.20,False,False,True,True,True,False,3.2176818,4.562557466876197,0.8455953727853107,収束 (|dq_ratio|<1%)  (f_solver=0)
165.01_10,165.01,165.01,1.2599022384263956,103.58496549932198,-0.003,1078.20285,0.7949999999999999,66.84491978609627,False,B_main_x>-0.20,False,False,True,True,True,False,2.249222669999999,2.833800676652393,-0.4554335877871313,収束 (|dq_ratio|<1%)  (f_solver=0)
167.01_10,167.01,167.01,1.6341172023090649,138.8357821756768,-0.113,1084.984,0.7999999999999999,66.84491978609627,False,B_main_x>-0.20,False,False,True,True,True,False,2.4290343,3.9693267346287575,0.6092953485434356,収束 (|dq_ratio|<1%)  (f_solver=0)
169.01_10,169.01,169.01,2.165236999903537,299.93981302215946,-0.359,1213.82585,0.8949999999999999,66.84491978609627,False,B_deep_x<=-0.20,False,True,True,True,False,False,4.605701399999999,9.97243508178752,0.2271881555465867,収束 (|dq_ratio|<1%)  (f_solver=0)
17.01_10,17.01,17.01,1.1431267000030425,75.46157701295215,-0.026,3146.4536,2.32,80.0,True,B_main_x>-0.20,False,False,True,True,True,True,3.9432375,4.507620070703247,-0.1959385118490891,収束 (|dq_ratio|<1%)  (f_solver=0)
170.01_10,170.01,170.01,2.029447535550055,280.20066140208166,-0.285,1216.53831,0.8969999999999999,66.84491978609627,False,B_deep_x<=-0.20,False,True,True,True,False,False,4.605701399999999,9.347029355709438,0.6614238101155622,収束 (|dq_ratio|<1%)  (f_solver=0)
171.01_10,171.01,171.01,1.6813008593885053,161.71924421083668,-0.136,1301.9808,0.96,66.84491978609627,False,B_main_x>-0.20,False,False,True,True,True,False,3.2807736000000003,5.515967473139121,-0.1669104229638453,収束 (|dq_ratio|<1%)  (f_solver=0)
18.01_10,18.01,18.01,0.9982901984304464,66.99992038726407,0.001,3634.6964,2.68,80.0,True,B_main_x>-0.20,False,False,True,True,True,True,4.416425999999999,4.408874787893382,0.0389395330814793,収束 (|dq_ratio|<1%)  (f_solver=0)
180.01_10,180.01,180.01,1.351192509146819,98.2996098552306,-0.062,1695.2875,1.25,66.84491978609627,False,B_main_x>-0.20,False,False,True,True,True,False,2.98108755,4.028023166670844,-0.7132572103490185,収束 (|dq_ratio|<1%)  (f_solver=0)
182.01_10,182.01,182.01,1.4594950128413378,106.11665306734947,-0.089,1803.7859,1.33,66.84491978609627,False,B_main_x>-0.20,False,False,True,True,True,False,3.2176818,4.696190540010338,0.177262045324624,収束 (|dq_ratio|<1%)  (f_solver=0)
183.01_10,183.01,183.01,1.5413047115737164,132.74047859555014,-0.109,1830.9105,1.35,66.84491978609627,False,B_main_x>-0.20,False,False,True,True,True,False,3.9432375,6.077730537604163,-0.7679454717369579,収束 (|dq_ratio|<1%)  (f_solver=0)
184.01_10,184.01,184.01,2.1458508558958083,230.5931119642869,-0.326,1871.5974,1.38,66.84491978609627,False,B_deep_x<=-0.20,False,True,True,True,False,False,5.331257099999999,11.440082611035605,-0.0072881559764321,収束 (|dq_ratio|<1%)  (f_solver=0)
185.01_10,185.01,185.01,1.6968039870297118,164.51403825344045,-0.149,1871.5974,1.38,66.84491978609627,False,B_main_x>-0.20,False,False,True,True,True,False,4.7003391,7.975554125271646,0.5533546453968138,収束 (|dq_ratio|<1%)  (f_solver=0)
186.01_10,186.01,186.01,1.4880925664115456,122.21707720506936,-0.092,1898.722,1.4,66.84491978609627,False,B_main_x>-0.20,False,False,True,True,True,False,3.880145699999999,5.7740159727637215,0.024278317976423,収束 (|dq_ratio|<1%)  (f_solver=0)
187.01_10,187.01,187.01,1.561802433828803,134.94320198506415,-0.119,1966.5335,1.45,66.84491978609627,False,B_main_x>-0.20,False,False,True,True,True,False,4.2271506,6.601974095240885,-0.9923037080190504,収束 (|dq_ratio|<1%)  (f_solver=0)
188.01_10,188.01,188.01,2.149368878100929,249.67333431527183,-0.335,2047.9073,1.51,66.84491978609627,False,B_deep_x<=-0.20,False,True,True,True,False,False,6.3722718,13.696362689720187,0.823140272753681,収束 (|dq_ratio|<1%)  (f_solver=0)
19.01_10,19.01,19.01,1.0857586936402024,74.31081192490194,-0.018,3851.6932,2.8400000000000003,80.0,True,B_main_x>-0.20,False,False,True,True,True,True,4.8580686,5.274690216750487,-0.0062197660192254,収束 (|dq_ratio|<1%)  (f_solver=0)
196.01_10,196.01,196.01,0.8841447681755321,61.85955609096459,0.015,3037.9552,2.24,66.84491978609627,True,B_main_x>-0.20,False,False,True,True,True,True,4.29655158,3.798773600653316,0.0818540262396996,収束 (|dq_ratio|<1%)  (f_solver=0)
197.01_10,197.01,197.01,1.035657655963962,75.46157701295215,-0.014,3241.3897,2.39,66.84491978609627,True,B_main_x>-0.20,False,False,True,True,True,True,5.0157981,5.194649703034494,-0.5513598409493335,収束 (|dq_ratio|<1%)  (f_solver=0)
198.01_10,198.01,198.01,1.2980153216050032,76.56717653219835,-0.09,3254.952,2.4000000000000004,66.84491978609627,True,B_main_x>-0.20,False,False,True,True,True,True,4.100967,5.323117999396505,-0.3547049524252508,収束 (|dq_ratio|<1%)  (f_solver=0)
199.01_10,199.01,199.01,1.5801796486201998,106.11665306734947,-0.144,3390.575,2.5,66.84491978609627,True,B_main_x>-0.20,False,False,True,True,True,True,5.299711199999999,8.374495781804537,0.6218485703386165,収束 (|dq_ratio|<1%)  (f_solver=0)
2.01_10,2.01,2.01,1.2858764091406156,93.25734584317443,-0.03,2224.2172,1.64,80.0,False,B_main_x>-0.20,False,False,True,True,True,False,3.3438654,4.299797633201548,0.963540225351672,収束 (|dq_ratio|<1%)  (f_solver=0)
20.01_10,20.01,20.01,1.1165611650523526,75.46157701295215,-0.026,3905.9424,2.88,80.0,True,B_main_x>-0.20,False,False,True,True,True,True,4.889614499999999,5.459553662776876,0.3848795453033805,収束 (|dq_ratio|<1%)  (f_solver=0)
200.01_10,200.01,200.01,1.090984830660081,79.31866378958193,-0.027,3390.575,2.5,66.84491978609627,True,B_main_x>-0.20,False,False,True,True,True,True,5.299711199999999,5.781904526079334,-0.1793528182224258,収束 (|dq_ratio|<1%)  (f_solver=0)
201.01_10,201.01,201.01,1.696711804699104,122.21707720506936,-0.174,3404.1373,2.51,66.84491978609627,True,B_main_x>-0.20,False,False,True,True,True,True,5.8359915,9.901995670173632,0.1557716901061284,収束 (|dq_ratio|<1%)  (f_solver=0)
202.01_10,202.01,202.01,1.246383451509764,94.40186587765923,-0.056,3404.1373,2.51,66.84491978609627,True,B_main_x>-0.20,False,False,True,True,True,True,5.8359915,7.273883228751646,0.4657326797354334,収束 (|dq_ratio|<1%)  (f_solver=0)
203.01_10,203.01,203.01,1.1830251235337732,76.56717653219835,-0.061,3458.3865,2.55,66.84491978609627,True,B_main_x>-0.20,False,False,True,True,True,True,4.7634309,5.635258428917092,0.1142740492979284,収束 (|dq_ratio|<1%)  (f_solver=0)
204.01_10,204.01,204.01,1.5158593908629203,107.79264087372076,-0.128,3471.9488,2.56,66.84491978609627,True,B_main_x>-0.20,False,False,True,True,True,True,5.7413538,8.703085073996514,0.4298431743946722,収束 (|dq_ratio|<1%)  (f_solver=0)
205.01_10,205.01,205.01,2.0745127624661843,162.25628229717415,-0.284,3594.0095,2.65,66.84491978609627,True,B_deep_x<=-0.20,False,True,True,True,False,True,6.940098,14.397321873766042,-0.2672118633887431,収束 (|dq_ratio|<1%)  (f_solver=0)
206.01_10,206.01,206.01,1.5944573105871214,128.8193242292905,-0.148,3594.0095,2.65,66.84491978609627,True,B_main_x>-0.20,False,False,True,True,True,True,6.940098,11.06568999229106,0.0797185592939539,収束 (|dq_ratio|<1%)  (f_solver=0)
207.01_10,207.01,207.01,1.84831057414112,132.74047859555014,-0.216,3607.5718,2.66,66.84491978609627,True,B_deep_x<=-0.20,False,True,True,True,False,True,6.2145423,11.486404246537276,-0.0505423161572815,収束 (|dq_ratio|<1%)  (f_solver=0)
208.01_10,208.01,208.01,1.340216247536809,101.6168218410382,-0.085,3607.5718,2.66,66.84491978609627,True,B_main_x>-0.20,False,False,True,True,True,True,6.2145423,8.328830561464768,-0.2532619080946829,収束 (|dq_ratio|<1%)  (f_solver=0)
209.01_10,209.01,209.01,2.2099410980435703,194.2074052316925,-0.334,3648.2587,2.69,66.84491978609627,True,B_deep_x<=-0.20,True,True,True,True,False,True,8.170388099999998,18.05607644915612,0.6965847198008253,収束 (|dq_ratio|<1%)  (f_solver=0)
21.01_10,21.01,21.01,1.09515482640457,81.01614510562172,-0.012,3919.5047,2.89,80.0,True,B_main_x>-0.20,False,False,True,True,True,True,5.425894799999999,5.942194877783458,-0.3037566195963467,収束 (|dq_ratio|<1%)  (f_solver=0)
210.01_10,210.01,210.01,2.17241176700994,189.0155585984569,-0.329,3648.2587,2.69,66.84491978609627,True,B_deep_x<=-0.20,False,True,True,True,False,True,7.949566799999999,17.26973245895155,-0.7233208980591322,収束 (|dq_ratio|<1%)  (f_solver=0)
213.01_10,213.01,213.01,2.4704383105441856,250.73285002387016,-0.457,3783.8817,2.79,66.84491978609627,True,B_deep_x<=-0.20,True,True,True,True,False,True,9.9685044,24.62657516858828,0.0077785423451693,収束 (|dq_ratio|<1%)  (f_solver=0)
216.01_10,216.01,216.01,0.4096557838363099,33.05916668560019,0.039,4258.5622,3.14,66.84491978609627,False,excluded_G>4200,False,False,False,False,False,False,4.0063293,1.6412159696978748,-0.8710704662668326,収束 (|dq_ratio|<1%)  (f_solver=0)
218.01_10,218.01,218.01,0.7226106288373948,48.40254580730039,0.002,4367.060600000001,3.2200000000000006,66.84491978609627,False,excluded_G>4200,False,False,False,False,False,False,4.810749749999999,3.476298902026839,-0.2082693410500273,収束 (|dq_ratio|<1%)  (f_solver=0)
219.01_10,219.01,219.01,1.0037325984653902,61.99880096014135,-0.054,4678.9935,3.45,66.84491978609627,False,excluded_G>4200,False,False,False,False,False,False,5.331257099999999,5.35115654207006,-0.2798032682499772,収束 (|dq_ratio|<1%)  (f_solver=0)
22.01_10,22.01,22.01,1.6518383942438954,309.87294321097545,-0.071,2264.9041,1.6700000000000002,365.33333333333326,False,B_main_x>-0.20,False,False,True,True,True,False,2.11672989,3.4964957025456576,0.0014149943996684,収束 (|dq_ratio|<1%)  (f_solver=0)
220.01_10,220.01,220.01,1.805670980123908,107.23353575437028,-0.205,4773.9296,3.5200000000000005,66.84491978609627,False,excluded_G>4200,False,True,False,False,False,False,6.3722718,11.50622626672194,0.7387216296483561,収束 (|dq_ratio|<1%)  (f_solver=0)
221.01_10,221.01,221.01,0.9475855904359736,59.17825318290045,-0.044,4787.4919,3.53,66.84491978609627,False,excluded_G>4200,False,False,False,False,False,False,5.3943489,5.111607287424143,0.5718266762542757,収束 (|dq_ratio|<1%)  (f_solver=0)
222.01_10,222.01,222.01,1.4031516678413471,90.48011757210315,-0.124,4882.428,3.6,66.84491978609627,False,excluded_G>4200,False,False,False,False,False,False,6.6877308,9.383900626093949,0.1794011604335802,収束 (|dq_ratio|<1%)  (f_solver=0)
224.01_10,224.01,224.01,1.70216312799015,105.00155807789524,-0.189,4963.8018,3.66,66.84491978609627,False,excluded_G>4200,False,False,False,False,False,False,6.7508226,11.4910013133226,-0.055546374177724,収束 (|dq_ratio|<1%)  (f_solver=0)
225.01_10,225.01,225.01,0.9572589335719176,68.13071600661715,-0.027,4963.8018,3.66,66.84491978609627,False,excluded_G>4200,False,False,False,False,False,False,6.7508226,6.462285242809201,0.524092840434758,収束 (|dq_ratio|<1%)  (f_solver=0)
228.01_10,228.01,228.01,2.2513188727177327,167.79934002889797,-0.334,5221.4855,3.85,66.84491978609627,False,excluded_G>4200,True,True,False,False,False,False,9.495315899999998,21.37698388808676,0.912124555996497,収束 (|dq_ratio|<1%)  (f_solver=0)
23.01_10,23.01,23.01,1.68347241906529,311.55670341994664,-0.083,2292.0287,1.69,365.33333333333326,False,B_main_x>-0.20,False,False,True,True,True,False,2.13250284,3.5900097147184007,0.9216566173836392,収束 (|dq_ratio|<1%)  (f_solver=0)
230.01_10,230.01,230.01,2.240059187883798,166.72139836705657,-0.336,5316.4216,3.92,66.84491978609627,False,excluded_G>4200,True,True,False,False,False,False,9.5268618,21.340734306789173,-0.1413026817787051,収束 (|dq_ratio|<1%)  (f_solver=0)
232.01_10,232.01,232.01,2.295350562373408,179.43354523161798,-0.362,5397.7954,3.98,66.84491978609627,False,excluded_G>4200,True,True,False,False,False,False,10.2208716,23.4604833750064,-0.5900666205868347,収束 (|dq_ratio|<1%)  (f_solver=0)
233.01_10,233.01,233.01,0.3079418029125836,31.979825654822093,0.033,5533.4184,4.079999999999999,66.84491978609627,False,excluded_G>4200,False,False,False,False,False,False,4.9527063,1.5251453073185113,0.5037386374146744,収束 (|dq_ratio|<1%)  (f_solver=0)
234.01_10,234.01,234.01,2.4970877438604004,227.8755003580036,-0.457,5574.1053,4.11,66.84491978609627,False,excluded_G>4200,True,True,False,False,False,False,12.6814518,31.666697864136417,-0.8362389381220255,収束 (|dq_ratio|<1%)  (f_solver=0)
235.01_10,235.01,235.01,0.3410502832492975,32.51873829915655,0.015,5587.6676,4.12,66.84491978609627,False,excluded_G>4200,False,False,False,False,False,False,4.6687932,1.5922932432923942,-0.1747688471418707,収束 (|dq_ratio|<1%)  (f_solver=0)
236.01_10,236.01,236.01,0.3589111087017025,31.979825654822093,-0.01,5791.102099999999,4.27,66.84491978609627,False,excluded_G>4200,False,False,False,False,False,False,4.1956047,1.5058491345510736,0.345819500183318,収束 (|dq_ratio|<1%)  (f_solver=0)
237.01_10,237.01,237.01,0.8331794513595565,53.10991238658369,-0.048,5899.6005,4.35,66.84491978609627,False,excluded_G>4200,False,False,False,False,False,False,5.8675374,4.888711591763678,0.5509515166047514,収束 (|dq_ratio|<1%)  (f_solver=0)
238.01_10,238.01,238.01,0.7367354335045094,47.51467456321086,-0.043,6021.6612,4.44,66.84491978609627,False,excluded_G>4200,False,False,False,False,False,False,5.457440699999999,4.020689939939652,0.4041452266810157,収束 (|dq_ratio|<1%)  (f_solver=0)
24.01_10,24.01,24.01,1.62968253543007,309.367819356026,-0.047,2603.9616,1.92,365.33333333333326,False,B_main_x>-0.20,False,False,True,True,True,False,2.47635315,4.035669480112241,0.9900037004756131,収束 (|dq_ratio|<1%)  (f_solver=0)
240.01_10,240.01,240.01,1.2759738082668592,68.13071600661715,-0.126,6197.971100000001,4.57,66.84491978609627,False,excluded_G>4200,False,False,False,False,False,False,5.9621751,7.607579267900841,0.8277253725144034,収束 (|dq_ratio|<1%)  (f_solver=0)
241.01_10,241.01,241.01,0.9981714874829908,60.88636491762702,-0.078,6211.5334,4.58,66.84491978609627,False,excluded_G>4200,False,False,False,False,False,False,6.3407259,6.329131803324924,0.0638524154735135,収束 (|dq_ratio|<1%)  (f_solver=0)
242.01_10,242.01,242.01,1.291635633621206,79.31866378958193,-0.124,6238.657999999999,4.6,66.84491978609627,False,excluded_G>4200,False,False,False,False,False,False,7.318648799999999,9.45302758003908,-0.4755516641116397,収束 (|dq_ratio|<1%)  (f_solver=0)
243.01_10,243.01,243.01,1.7335728165197444,94.95002945798046,-0.206,6428.5302,4.74,66.84491978609627,False,excluded_G>4200,False,True,False,False,False,False,7.192465199999999,12.468662154484246,-0.1956593057206671,収束 (|dq_ratio|<1%)  (f_solver=0)
244.01_10,244.01,244.01,2.3937970267096604,137.7296547398861,-0.336,6523.466299999999,4.81,66.84491978609627,False,excluded_G>4200,True,True,False,False,False,False,8.6120307,20.61545348359231,0.992207355697272,収束 (|dq_ratio|<1%)  (f_solver=0)
245.01_10,245.01,245.01,2.2498675411699054,150.5435811843293,-0.334,6984.584500000001,5.15,66.84491978609627,False,excluded_G>4200,True,True,False,False,False,False,10.7571519,24.202166895244176,0.0843405718334314,収束 (|dq_ratio|<1%)  (f_solver=0)
246.01_10,246.01,246.01,2.272600294731405,151.12937494316725,-0.338,7011.7091,5.17,66.84491978609627,False,excluded_G>4200,True,True,False,False,False,False,10.725606,24.375015356772927,-0.0222302180046204,収束 (|dq_ratio|<1%)  (f_solver=0)
247.01_10,247.01,247.01,0.2972374623748651,32.51873829915655,-0.018,7025.2714,5.18,66.84491978609627,False,excluded_G>4200,False,False,False,False,False,False,4.9211604,1.462753229235676,-0.1488495694647362,収束 (|dq_ratio|<1%)  (f_solver=0)
248.01_10,248.01,248.01,2.922337424121136,172.82163664490025,-0.457,7106.6452,5.24,66.84491978609627,False,excluded_G>4200,True,True,False,False,False,False,9.9685044,29.131333470636207,0.4420928145979636,収束 (|dq_ratio|<1%)  (f_solver=0)
249.01_10,249.01,249.01,2.5571823088638674,210.4080296850217,-0.456,7364.3289,5.430000000000001,66.84491978609627,False,excluded_G>4200,True,True,False,False,False,False,14.7634812,37.752912941884304,-0.0102285231443553,収束 (|dq_ratio|<1%)  (f_solver=0)
25.01_10,25.01,25.01,1.6320250904151847,310.99544826522856,-0.062,2698.8977,1.99,365.33333333333326,False,B_main_x>-0.20,False,False,True,True,True,False,2.54890872,4.159882984218053,-0.0081433929829587,収束 (|dq_ratio|<1%)  (f_solver=0)
250.01_10,250.01,250.01,1.17483170064288,64.79494459074817,-0.125,7391.453500000001,5.450000000000001,66.84491978609627,False,excluded_G>4200,False,False,False,False,False,False,6.6877308,7.856958149205767,-0.0477503930142848,収束 (|dq_ratio|<1%)  (f_solver=0)
252.01_10,252.01,252.01,1.6447866576986638,87.12621807254561,-0.202,7974.6324,5.88,66.84491978609627,False,excluded_G>4200,False,True,False,False,False,False,7.949566799999999,13.075341407124265,-0.5449421057529595,収束 (|dq_ratio|<1%)  (f_solver=0)
253.01_10,253.01,253.01,0.0735487784385007,28.616305905947684,-0.018,8340.8145,6.15,66.84491978609627,False,excluded_G>4200,False,False,False,False,False,False,5.173527599999999,0.3805066351978686,-0.3417624035763217,収束 (|dq_ratio|<1%)  (f_solver=0)
254.01_10,254.01,254.01,2.339446636001019,127.72429570818736,-0.333,8408.626,6.2,66.84491978609627,False,excluded_G>4200,True,True,False,False,False,False,9.810774899999998,22.95178433636823,-0.8978456474489535,収束 (|dq_ratio|<1%)  (f_solver=0)
255.01_10,255.01,255.01,2.899717847195624,170.60553217374678,-0.457,8652.7474,6.38,66.84491978609627,False,excluded_G>4200,True,True,False,False,False,False,11.8297125,34.30282846344316,0.5258557211114544,収束 (|dq_ratio|<1%)  (f_solver=0)
256.01_10,256.01,256.01,1.047541869644726,58.6260915639192,-0.124,8923.9934,6.579999999999999,66.84491978609627,False,excluded_G>4200,False,False,False,False,False,False,7.0662816,7.402225838700126,0.1843528359966124,収束 (|dq_ratio|<1%)  (f_solver=0)
257.01_10,257.01,257.01,1.588015902634939,82.08617522396969,-0.202,9412.2362,6.94,66.84491978609627,False,excluded_G>4200,False,True,False,False,False,False,8.5489389,13.575850923854444,-0.468225689610435,収束 (|dq_ratio|<1%)  (f_solver=0)
258.01_10,258.01,258.01,2.3619771871542,122.73516379156324,-0.335,9873.3544,7.28,66.84491978609627,False,excluded_G>4200,True,True,False,False,False,False,10.5994224,25.035593905811226,-0.7579743942138617,収束 (|dq_ratio|<1%)  (f_solver=0)
259.01_10,259.01,259.01,2.941271632824189,162.25628229717415,-0.459,10524.3448,7.760000000000001,66.84491978609627,False,excluded_G>4200,True,True,False,False,False,False,12.9022731,37.94908986798061,-0.7897326858548323,収束 (|dq_ratio|<1%)  (f_solver=0)
26.01_10,26.01,26.01,1.6074446694915856,310.99544826522856,-0.05,3173.5782,2.34,365.33333333333326,False,B_main_x>-0.20,False,False,True,True,True,False,3.02525181,4.862924895854271,-0.0988220267941398,収束 (|dq_ratio|<1%)  (f_solver=0)
260.01_10,260.01,260.01,1.7250639555228344,278.4638364927875,-0.131,1301.9808,0.96,108.84955752212387,False,B_main_x>-0.20,False,False,True,True,True,False,3.5015949,6.040475148832583,0.1647981136938141,収束 (|dq_ratio|<1%)  (f_solver=0)
262.01_10,262.01,262.01,1.1830381473422555,94.40186587765923,0.001,1312.83064,0.968,108.84955752212387,False,B_main_x>-0.20,False,False,True,True,True,False,1.56783123,1.8548041536845297,-0.7763820999579836,収束 (|dq_ratio|<1%)  (f_solver=0)
263.01_10,263.01,263.01,1.6924978104945447,264.47096473819806,-0.117,1315.5431,0.97,108.84955752212387,False,B_main_x>-0.20,False,False,True,True,True,False,3.4069572000000004,5.766267601448625,-0.0451006669656575,収束 (|dq_ratio|<1%)  (f_solver=0)
264.01_10,264.01,264.01,1.715169706353885,266.1486378949107,-0.134,1315.5431,0.97,108.84955752212387,False,B_main_x>-0.20,False,False,True,True,True,False,3.3754113,5.789403208244586,-0.311813369423032,収束 (|dq_ratio|<1%)  (f_solver=0)
265.01_10,265.01,265.01,1.7332488524259528,279.02406714057867,-0.144,1315.5431,0.97,108.84955752212387,False,B_main_x>-0.20,False,False,True,True,True,False,3.5015949,6.069135342085569,-0.5740898018250052,収束 (|dq_ratio|<1%)  (f_solver=0)
266.01_10,266.01,266.01,1.5673151105618537,253.96863603375004,-0.038,1315.5431,0.97,108.84955752212387,False,B_main_x>-0.20,False,False,True,True,True,False,3.5331408,5.537544963582596,0.1904866406297396,収束 (|dq_ratio|<1%)  (f_solver=0)
267.01_10,267.01,267.01,1.6849105021926918,254.52674819008195,-0.118,1315.5431,0.97,108.84955752212387,False,B_main_x>-0.20,False,False,True,True,True,False,3.2807736000000003,5.527809893956525,-0.2175793161921686,収束 (|dq_ratio|<1%)  (f_solver=0)
268.01_10,268.01,268.01,1.7542552525649588,256.20145638583585,-0.153,1315.5431,0.97,108.84955752212387,False,B_main_x>-0.20,False,False,True,True,True,False,3.1861359,5.589295637960782,0.194843144284821,収束 (|dq_ratio|<1%)  (f_solver=0)
269.01_10,269.01,269.01,1.610872802957489,221.3958722059629,-0.086,1315.5431,0.97,108.84955752212387,False,B_main_x>-0.20,False,False,True,True,True,False,2.9653146,4.776744641352765,-0.0191688776206736,収束 (|dq_ratio|<1%)  (f_solver=0)
27.01_10,27.01,27.01,1.6351940296471368,313.18434543454475,-0.074,3282.0766,2.42,365.33333333333326,False,B_main_x>-0.20,False,False,True,True,True,False,3.0914982,5.055199399304871,-0.2218659630713154,収束 (|dq_ratio|<1%)  (f_solver=0)
270.01_10,270.01,270.01,0.5637803120645745,45.30770288677559,0.025,5207.9232,3.84,108.84955752212387,False,excluded_G>4200,False,False,False,False,False,False,3.6277785,2.045270094831154,0.5583656157393473,収束 (|dq_ratio|<1%)  (f_solver=0)
271.01_10,271.01,271.01,1.1472186562692852,87.12621807254561,-0.061,5248.6101,3.87,108.84955752212387,False,excluded_G>4200,False,False,False,False,False,False,5.047344,5.790407201408839,0.9700353005285476,収束 (|dq_ratio|<1%)  (f_solver=0)
272.01_10,272.01,272.01,2.2326316911378354,243.26589391747268,-0.396,5262.1724,3.88,108.84955752212387,False,excluded_G>4200,True,True,False,False,False,False,8.927489699999999,19.931796426526606,0.1048455342323767,収束 (|dq_ratio|<1%)  (f_solver=0)
273.01_10,273.01,273.01,2.210148917856386,228.42993276673863,-0.382,5262.1724,3.88,108.84955752212387,False,excluded_G>4200,True,True,False,False,False,False,8.3596635,18.476101238168525,-0.4128919420157954,収束 (|dq_ratio|<1%)  (f_solver=0)
274.01_10,274.01,274.01,1.3642347179155685,113.30494913503378,-0.107,5262.1724,3.88,108.84955752212387,False,excluded_G>4200,False,False,False,False,False,False,5.930629199999999,8.090770253723832,-0.0381722640323141,収束 (|dq_ratio|<1%)  (f_solver=0)
275.01_10,275.01,275.01,0.926014914909448,69.26473455273185,-0.026,5262.1724,3.88,108.84955752212387,False,excluded_G>4200,False,False,False,False,False,False,4.479517799999999,4.148100294402357,-0.1974388366461296,収束 (|dq_ratio|<1%)  (f_solver=0)
276.01_10,276.01,276.01,2.137501069429112,211.51032294147768,-0.351,5289.297,3.9,108.84955752212387,False,excluded_G>4200,False,True,False,False,False,False,7.949566799999999,16.99220753649816,-0.5558797327707318,収束 (|dq_ratio|<1%)  (f_solver=0)
277.01_10,277.01,277.01,1.5953398033128676,142.74263318475448,-0.163,5289.297,3.9,108.84955752212387,False,excluded_G>4200,False,False,False,False,False,False,6.8139144,10.870508858686716,0.6517221556939192,収束 (|dq_ratio|<1%)  (f_solver=0)
278.01_10,278.01,278.01,1.5833245123179465,137.203335255296,-0.163,5316.4216,3.92,108.84955752212387,False,excluded_G>4200,False,False,False,False,False,False,6.5615472,10.389058520491186,0.4462369025789554,収束 (|dq_ratio|<1%)  (f_solver=0)
279.01_10,279.01,279.01,2.317854111994885,256.20145638583585,-0.428,5357.1085,3.95,108.84955752212387,False,excluded_G>4200,True,True,False,False,False,False,9.3375864,21.64316303334752,0.8824423622333958,収束 (|dq_ratio|<1%)  (f_solver=0)
28.01_10,28.01,28.01,1.6003184464806413,308.8065739145867,-0.045,3838.1309,2.83,365.33333333333326,False,B_main_x>-0.20,False,False,True,True,True,False,3.64986063,5.840939293272454,0.5883671905940936,収束 (|dq_ratio|<1%)  (f_solver=0)
280.01_10,280.01,280.01,2.4936701195505564,226.26818505028052,-0.449,5357.1085,3.95,108.84955752212387,False,excluded_G>4200,True,True,False,False,False,False,7.507924199999999,18.72228623739052,0.3170330728973354,収束 (|dq_ratio|<1%)  (f_solver=0)
281.01_10,281.01,281.01,1.1410285656993029,138.30891067011777,0.029,5357.1085,3.95,108.84955752212387,False,excluded_G>4200,False,False,False,False,False,False,9.211402799999998,10.51047372496254,-0.0365413309860475,収束 (|dq_ratio|<1%)  (f_solver=0)
282.01_10,282.01,282.01,1.3673559344666883,108.35218501251636,-0.151,9859.7921,7.27,108.84955752212387,False,excluded_G>4200,False,False,False,False,False,False,9.5268618,13.026611019073997,0.9296200155433602,収束 (|dq_ratio|<1%)  (f_solver=0)
283.01_10,283.01,283.01,1.1659617982276171,90.48011757210315,-0.121,10470.0956,7.720000000000001,108.84955752212387,False,excluded_G>4200,False,False,False,False,False,False,8.8959438,10.37233062997982,-0.2025630873444163,収束 (|dq_ratio|<1%)  (f_solver=0)
284.01_10,284.01,284.01,2.237871948173272,181.1176701054545,-0.379,10497.2202,7.739999999999999,108.84955752212387,False,excluded_G>4200,True,True,False,False,False,False,11.9243502,26.68516881277434,0.1000533523366727,収束 (|dq_ratio|<1%)  (f_solver=0)
285.01_10,285.01,285.01,2.221968376122025,170.60553217374678,-0.364,10497.2202,7.739999999999999,108.84955752212387,False,excluded_G>4200,True,True,False,False,False,False,11.2303404,24.95346122188558,0.7859022775507801,収束 (|dq_ratio|<1%)  (f_solver=0)
286.01_10,286.01,286.01,1.6226707342925482,127.1512248790649,-0.214,10497.2202,7.739999999999999,108.84955752212387,False,excluded_G>4200,False,True,False,False,False,False,10.5363306,17.096995311451042,0.905780521159882,収束 (|dq_ratio|<1%)  (f_solver=0)
287.01_10,287.01,287.01,0.6573260251632658,58.0748318619568,-0.042,10524.3448,7.760000000000001,108.84955752212387,False,excluded_G>4200,False,False,False,False,False,False,7.192465199999999,4.727794561041113,-0.025669711732216,収束 (|dq_ratio|<1%)  (f_solver=0)
288.01_10,288.01,288.01,0.6533304695444534,59.17825318290045,-0.034,10524.3448,7.760000000000001,108.84955752212387,False,excluded_G>4200,False,False,False,False,False,False,7.5394701,4.925765540549366,0.0833277420237157,収束 (|dq_ratio|<1%)  (f_solver=0)
289.01_10,289.01,289.01,0.4607314733227002,48.09146460889088,-0.023,10565.0317,7.789999999999999,108.84955752212387,False,excluded_G>4200,False,False,False,False,False,False,6.466909499999999,2.9795087417795663,-0.5207242748046457,収束 (|dq_ratio|<1%)  (f_solver=0)
29.01_10,29.01,29.01,1.6238181936166036,310.43419463641936,-0.077,3919.5047,2.89,365.33333333333326,False,B_main_x>-0.20,False,False,True,True,True,False,3.653015219999999,5.931832575794358,-0.4260424215401648,収束 (|dq_ratio|<1%)  (f_solver=0)
3.01_10,3.01,3.01,1.3413056622667905,110.03342555391588,-0.036,2251.3418,1.66,80.0,False,B_main_x>-0.20,False,False,True,True,True,False,3.880145699999999,5.204461397830138,0.2003229437908337,収束 (|dq_ratio|<1%)  (f_solver=0)
30.01_10,30.01,30.01,1.599512232471623,311.55670341994664,-0.055,3933.067,2.9,365.33333333333326,False,B_main_x>-0.20,False,False,True,True,True,False,3.74134374,5.984325078011132,-0.2593209319695264,収束 (|dq_ratio|<1%)  (f_solver=0)
35.01_10,35.01,35.01,1.7206866359179822,77.09689440382374,-0.146,2102.1565,1.55,20.97902097902098,False,excluded_LD<40,False,False,True,False,False,False,7.0031898,12.050295097657129,0.923079024422527,収束 (|dq_ratio|<1%)  (f_solver=0)
36.01_10,36.01,36.01,2.721081299499212,132.16438099330514,-0.338,2305.591,1.7,20.97902097902098,False,excluded_LD<40,True,True,True,False,False,False,8.959035599999998,24.378264232707693,0.2831777292195422,収束 (|dq_ratio|<1%)  (f_solver=0)
37.01_10,37.01,37.01,0.8118979825986368,28.04836953301753,-0.047,2427.6517,1.7899999999999998,20.97902097902098,False,excluded_LD<40,False,False,True,False,False,False,3.785508,3.0734463083110004,0.5043782682447239,収束 (|dq_ratio|<1%)  (f_solver=0)
38.01_10,38.01,38.01,2.601409107771878,86.04557897376492,-0.256,2712.46,2.0,20.97902097902098,False,excluded_LD<40,True,True,True,False,False,False,6.593093099999999,17.151332438727923,0.3689553372167661,収束 (|dq_ratio|<1%)  (f_solver=0)
4.01_10,4.01,4.01,1.3626063074161932,111.10531905016614,-0.049,2305.591,1.7,80.0,False,B_main_x>-0.20,False,False,True,True,True,False,3.9116916,5.3300956468269405,-0.6916007288926945,収束 (|dq_ratio|<1%)  (f_solver=0)
40.01_10,40.01,40.01,0.3076875001880512,26.91818451033987,-0.012,5153.674,3.8,20.97902097902098,False,excluded_G>4200,False,False,False,False,False,False,9.9369585,3.0574779203374067,-0.3580037936175874,収束 (|dq_ratio|<1%)  (f_solver=0)
41.01_10,41.01,41.01,3.6053610399898135,123.30541643666328,-0.409,5180.7986,3.82,20.97902097902098,False,excluded_G>4200,True,True,False,False,False,False,12.9969108,46.85855583854284,-0.4077995010488205,収束 (|dq_ratio|<1%)  (f_solver=0)
44.01_10,44.01,44.01,2.4234011937527216,71.4946974008999,-0.257,7635.5749,5.63,20.97902097902098,False,excluded_G>4200,True,True,False,False,False,False,12.6814518,30.7322454306376,-0.6160786202612224,収束 (|dq_ratio|<1%)  (f_solver=0)
442.01_10,442.01,442.01,1.3873729587911223,132.74047859555014,-0.032,1193.4824,0.8800000000000001,75.98039215686273,False,B_main_x>-0.20,False,False,True,True,True,False,2.583609209999999,3.584429554037693,0.7951765892776542,収束 (|dq_ratio|<1%)  (f_solver=0)
449.01_10,449.01,449.01,1.18830075807576,104.4446876334049,0.016,1350.80508,0.996,75.98039215686273,False,B_main_x>-0.20,False,False,True,True,True,False,2.586763799999999,3.073853384502932,0.9737325886546742,収束 (|dq_ratio|<1%)  (f_solver=0)
45.01_10,45.01,45.01,0.9740408016490564,36.37517080704424,-0.134,7716.948700000001,5.69,20.97902097902098,False,excluded_G>4200,False,False,False,False,False,False,7.7287455,7.528113462561537,-0.4697997700114786,収束 (|dq_ratio|<1%)  (f_solver=0)
450.01_10,450.01,450.01,1.1216980167672548,97.7484248428973,0.032,1356.23,1.0,75.98039215686273,False,B_main_x>-0.20,False,False,True,True,True,False,2.53944495,2.8484903641046206,0.6193429522622906,収束 (|dq_ratio|<1%)  (f_solver=0)
451.01_10,451.01,451.01,1.2116431431302304,103.88827213816978,-0.004,1383.3546,1.0199999999999998,75.98039215686273,False,B_main_x>-0.20,False,False,True,True,True,False,2.53944495,3.076901061024191,-0.4908918908686113,収束 (|dq_ratio|<1%)  (f_solver=0)
452.01_10,452.01,452.01,0.996502906637817,78.20645849357618,0.042,1383.3546,1.0199999999999998,75.98039215686273,False,B_main_x>-0.20,False,False,True,True,True,False,2.21767677,2.209921347288166,-0.2793257296393348,収束 (|dq_ratio|<1%)  (f_solver=0)
453.01_10,453.01,453.01,1.1779656161796004,103.28179546252004,0.009,1410.4792,1.04,75.98039215686273,False,B_main_x>-0.20,False,False,True,True,True,False,2.64354642,3.1140067875346764,-0.3902064985320317,収束 (|dq_ratio|<1%)  (f_solver=0)
456.01_10,456.01,456.01,1.1126152919437835,89.93618676924655,0.018,1491.853,1.1,75.98039215686273,False,B_main_x>-0.20,False,False,True,True,True,False,2.53629036,2.821915439345603,0.8166922772779703,収束 (|dq_ratio|<1%)  (f_solver=0)
46.01_10,46.01,46.01,2.862189847867258,69.83293932221864,-0.275,10144.6004,7.479999999999999,20.97902097902098,False,excluded_G>4200,True,True,False,False,False,False,12.7129977,36.3870129528998,-0.0270958622139984,収束 (|dq_ratio|<1%)  (f_solver=0)
461.01_10,461.01,461.01,1.0568160065669558,82.67080560476268,0.021,1586.7891,1.17,75.98039215686273,False,B_main_x>-0.20,False,False,True,True,True,False,2.53944495,2.6837260709556228,0.3392973594095591,収束 (|dq_ratio|<1%)  (f_solver=0)
462.01_10,462.01,462.01,1.0320352271377364,79.31866378958193,0.021,1641.0383,1.21,75.98039215686273,False,B_main_x>-0.20,False,False,True,True,True,False,2.53944495,2.620796645777028,0.0154116741460514,収束 (|dq_ratio|<1%)  (f_solver=0)
463.01_10,463.01,463.01,1.1688805638214936,85.45707234861334,-0.022,1708.8498,1.26,75.98039215686273,False,B_main_x>-0.20,False,False,True,True,True,False,2.54890872,2.979369861763122,0.21701361899549,収束 (|dq_ratio|<1%)  (f_solver=0)
469.01_10,469.01,469.01,0.939648075944587,68.13071600661715,0.029,1817.3482,1.34,75.98039215686273,False,B_main_x>-0.20,False,False,True,True,True,False,2.53313577,2.38025615238691,0.49265016365295,収束 (|dq_ratio|<1%)  (f_solver=0)
474.01_10,474.01,474.01,0.8776273132300272,59.731310664686816,0.021,2088.5942,1.54,75.98039215686273,False,B_main_x>-0.20,False,False,True,True,True,False,2.5709908500000003,2.256371792024484,0.7561256859920658,収束 (|dq_ratio|<1%)  (f_solver=0)
479.01_10,479.01,479.01,0.764008973539848,53.10991238658369,0.04,2142.8434,1.58,75.98039215686273,False,B_main_x>-0.20,False,False,True,True,True,False,2.53944495,1.9401587296104508,-0.1374197559257923,収束 (|dq_ratio|<1%)  (f_solver=0)
483.01_10,483.01,483.01,0.7668600113107206,51.982230400728895,0.027,2305.591,1.7,75.98039215686273,False,B_main_x>-0.20,False,False,True,True,True,False,2.583609209999999,1.981266588003081,-0.7261609361128921,収束 (|dq_ratio|<1%)  (f_solver=0)
489.01_10,489.01,489.01,0.6440243300341385,44.21115401415841,0.041,2454.7763,1.81,75.98039215686273,False,B_main_x>-0.20,False,False,True,True,True,True,2.54259954,1.6374959652936087,0.1123494703282611,収束 (|dq_ratio|<1%)  (f_solver=0)
493.01_10,493.01,493.01,0.435151931201948,33.60109799971622,0.049,2888.7699,2.13,75.98039215686273,True,B_main_x>-0.20,False,False,True,True,True,True,2.52682659,1.0995534704509329,-0.3386401216996503,収束 (|dq_ratio|<1%)  (f_solver=0)
496.01_10,496.01,496.01,0.4808078218353823,35.27787208981738,0.037,2997.2683,2.21,75.98039215686273,True,B_main_x>-0.20,False,False,True,True,True,True,2.586763799999999,1.243736268280616,-0.0364470894094111,収束 (|dq_ratio|<1%)  (f_solver=0)
497.01_10,497.01,497.01,0.4856745056107639,35.27787208981738,0.034,3051.5175,2.25,75.98039215686273,True,B_main_x>-0.20,False,False,True,True,True,True,2.60253675,1.2639857493900943,0.5909707056032266,収束 (|dq_ratio|<1%)  (f_solver=0)
498.01_10,498.01,498.01,0.4913008889472814,35.82580133498607,0.033,3051.5175,2.25,75.98039215686273,True,B_main_x>-0.20,False,False,True,True,True,True,2.6183097,1.28637788314929,-0.7752096507386549,収束 (|dq_ratio|<1%)  (f_solver=0)
5.01_10,5.01,5.01,1.4577718640475934,143.85385187892945,-0.053,2386.9648,1.7600000000000002,80.0,False,B_main_x>-0.20,False,False,True,True,True,False,5.1104358,7.449849522261555,0.8722911747696183,収束 (|dq_ratio|<1%)  (f_solver=0)
6.01_10,6.01,6.01,1.445882742939732,143.85385187892945,-0.056,2400.5271,1.7699999999999998,80.0,False,B_main_x>-0.20,False,False,True,True,True,False,5.1104358,7.389090932121405,-0.4801265367972879,収束 (|dq_ratio|<1%)  (f_solver=0)
7.01_10,7.01,7.01,1.3737838826461417,123.30541643666328,-0.037,2427.6517,1.7899999999999998,80.0,False,B_main_x>-0.20,False,False,True,True,True,False,4.637247299999999,6.3705756005843375,0.7075163042609182,収束 (|dq_ratio|<1%)  (f_solver=0)
8.01_10,8.01,8.01,1.353475742387643,121.07838458578988,-0.035,2427.6517,1.7899999999999998,80.0,False,B_main_x>-0.20,False,False,True,True,True,False,4.5741555,6.191008511159019,-0.1184510897508475,収束 (|dq_ratio|<1%)  (f_solver=0)
80.01_10,80.01,80.01,0.1173350424102666,21.424642698647403,0.048,4136.501499999999,3.0499999999999994,64.58333333333336,False,B_main_x>-0.20,False,False,True,True,True,False,3.1230441,0.366442511922633,-0.4938437410075403,収束 (|dq_ratio|<1%)  (f_solver=0)
81.01_10,81.01,81.01,0.094301763279964,20.88259301344499,0.05,4204.313,3.1,64.58333333333336,False,excluded_G>4200,False,False,False,False,False,False,3.15459,0.2974833994253418,0.2883750279957917,収束 (|dq_ratio|<1%)  (f_solver=0)
82.01_10,82.01,82.01,0.3889409611814899,30.331278497367062,0.018,4367.060600000001,3.2200000000000006,64.58333333333336,False,excluded_G>4200,False,False,False,False,False,False,3.6277785,1.4109916567435437,0.5457547341122159,収束 (|dq_ratio|<1%)  (f_solver=0)
83.01_10,83.01,83.01,0.4000200504385095,30.865445261754417,0.017,4367.060600000001,3.2200000000000006,64.58333333333336,False,excluded_G>4200,False,False,False,False,False,False,3.659324399999999,1.4638031310588682,-0.3181156736256436,収束 (|dq_ratio|<1%)  (f_solver=0)
84.01_10,84.01,84.01,0.2860650105896013,27.48232308287629,0.029,4475.559,3.3000000000000003,64.58333333333336,False,excluded_G>4200,False,False,False,False,False,False,3.6277785,1.037780495019228,-0.8144433621478,収束 (|dq_ratio|<1%)  (f_solver=0)
85.01_10,85.01,85.01,0.2587613462451862,26.91818451033987,0.015,4855.3034,3.58,64.58333333333336,False,excluded_G>4200,False,False,False,False,False,False,3.5962326,0.9305659889868264,0.3031766487329373,収束 (|dq_ratio|<1%)  (f_solver=0)
86.01_10,86.01,86.01,0.2801813853139454,27.48232308287629,0.012,4855.3034,3.58,64.58333333333336,False,excluded_G>4200,False,False,False,False,False,False,3.5962326,1.0075974317791718,0.3725257125048266,収束 (|dq_ratio|<1%)  (f_solver=0)
87.01_10,87.01,87.01,0.1875912390285236,25.277212571938435,0.021,4977.3641,3.67,64.58333333333336,False,excluded_G>4200,False,False,False,False,False,False,3.6277785,0.6805394637360389,-0.4340193319342448,収束 (|dq_ratio|<1%)  (f_solver=0)
9.01_10,9.01,9.01,1.3556037191052863,108.35218501251636,-0.05,2441.214,1.7999999999999998,80.0,True,B_main_x>-0.20,False,False,True,True,True,False,4.0378752,5.473758638403003,-0.4556711931547225,収束 (|dq_ratio|<1%)  (f_solver=0)
