No_TableNo,ExptNo,ExptNo_norm,PM,Tsub,x,G_kg_m2s,G_Mlb_ft2h,LD,old86_member,policy_class,high_PM,deep_subcooled,scope_A_Gle4200,scope_B_Gle4200_LDge40,scope_C_B_xgtm020,scope_D_old86like_lowX,q_M_MWm2_result,q_P_MWm2,dq_ratio_pct_result,log_message,fit,resid,x_bin,LD_bin
1.01_10,1.01,1.01,1.210743321832274,87.71658286249408,-0.017,2197.0926,1.62,80.0,False,B_main_x>-0.20,False,False,True,True,True,False,3.2176818,3.8957867511312494,-0.7654371621444488,収束 (|dq_ratio|<1%)  (f_solver=0),1.1865166287668616,0.024226693065412475,-0.10<x<=0,80<=LD<120
10.01_10,10.01,10.01,1.3833732226484476,108.91216556473034,-0.055,2454.7763,1.81,80.0,True,B_main_x>-0.20,False,False,True,True,True,True,4.0378752,5.585888428076245,0.4802508576509365,収束 (|dq_ratio|<1%)  (f_solver=0),1.394313485199568,-0.01094026255112035,-0.10<x<=0,80<=LD<120
11.01_10,11.01,11.01,1.3017638017483473,112.79283722267274,-0.033,3037.9552,2.24,80.0,True,B_main_x>-0.20,False,False,True,True,True,True,5.3943489,7.022168132021014,-0.1872476552264103,収束 (|dq_ratio|<1%)  (f_solver=0),1.4286533764195612,-0.12688957467121398,-0.10<x<=0,80<=LD<120
119.01_10,119.01,119.01,1.3863277403300396,130.49039377896224,-0.033,1301.9808,0.96,64.51612903225808,False,B_main_x>-0.20,False,False,True,True,True,False,3.26500065,4.52636097329061,-0.1320610891299221,収束 (|dq_ratio|<1%)  (f_solver=0),1.5707173950022648,-0.18438965467222523,-0.10<x<=0,60<=LD<70
12.01_10,12.01,12.01,1.4935344285189145,149.42602102406886,-0.075,3119.329,2.3000000000000003,80.0,True,B_main_x>-0.20,False,False,True,True,True,True,6.6877308,9.988356198466342,0.8977120839052108,収束 (|dq_ratio|<1%)  (f_solver=0),1.6963069271497657,-0.20277249863085123,-0.10<x<=0,80<=LD<120
121.01_10,121.01,121.01,1.4108242043517238,127.72429570818736,-0.053,1413.19166,1.042,64.51612903225808,False,B_main_x>-0.20,False,False,True,True,True,False,3.35963835,4.739859102048288,-0.798986849422719,収束 (|dq_ratio|<1%)  (f_solver=0),1.5500856767455375,-0.1392614723938137,-0.10<x<=0,60<=LD<70
126.01_10,126.01,126.01,1.6117607125194686,126.6305613660565,-0.132,2075.0319,1.53,64.51612903225808,False,B_main_x>-0.20,False,False,True,True,True,False,4.211377649999999,6.787733041852564,0.3937514538124077,収束 (|dq_ratio|<1%)  (f_solver=0),1.5417670058317805,0.06999370668768812,-0.20<x<=-0.10,60<=LD<70
128.01_10,128.01,128.01,1.0869991005075297,75.46157701295215,-0.009,2156.4057,1.59,64.51612903225808,False,B_main_x>-0.20,False,False,True,True,True,False,3.5015949,3.8062305066417537,0.0915708251838471,収束 (|dq_ratio|<1%)  (f_solver=0),1.0507621021008873,0.03623699840664241,-0.10<x<=0,60<=LD<70
129.01_10,129.01,129.01,1.649010165697742,124.9664414921158,-0.159,2739.5846,2.02,64.51612903225808,True,B_main_x>-0.20,False,False,True,True,True,True,5.173527599999999,8.53119960491784,-0.9152176990799256,収束 (|dq_ratio|<1%)  (f_solver=0),1.5289353746125525,0.12007479108518959,-0.20<x<=-0.10,60<=LD<70
13.01_10,13.01,13.01,1.3302273036188437,116.64193414098276,-0.036,3119.329,2.3000000000000003,80.0,True,B_main_x>-0.20,False,False,True,True,True,True,5.678262,7.5533791495013425,0.8422884654773496,収束 (|dq_ratio|<1%)  (f_solver=0),1.4615809767619075,-0.1313536731430638,-0.10<x<=0,80<=LD<120
131.01_10,131.01,131.01,1.1061261701919292,75.46157701295215,-0.031,2759.92805,2.035,64.51612903225808,True,B_main_x>-0.20,False,False,True,True,True,True,4.2271506,4.675761904002514,-0.7744878257475547,収束 (|dq_ratio|<1%)  (f_solver=0),1.0507621021008873,0.055364068091041885,-0.10<x<=0,60<=LD<70
132.01_10,132.01,132.01,1.134569617305732,76.03807390665122,-0.036,2759.92805,2.035,64.51612903225808,True,B_main_x>-0.20,False,False,True,True,True,True,4.1956047,4.76020561884513,0.0445915450897079,収束 (|dq_ratio|<1%)  (f_solver=0),1.057404589653122,0.07716502765261013,-0.10<x<=0,60<=LD<70
133.01_10,133.01,133.01,1.1153276507740155,75.46157701295215,-0.032,2766.7092,2.04,64.51612903225808,True,B_main_x>-0.20,False,False,True,True,True,True,4.22399601,4.711139546712115,-0.2361246822653695,収束 (|dq_ratio|<1%)  (f_solver=0),1.0507621021008873,0.06456554867312825,-0.10<x<=0,60<=LD<70
134.01_10,134.01,134.01,1.122218412773748,75.46157701295215,-0.037,2780.2715,2.05,64.51612903225808,True,B_main_x>-0.20,False,False,True,True,True,True,4.192450109999999,4.704844708077324,-0.7900050223125996,収束 (|dq_ratio|<1%)  (f_solver=0),1.0507621021008873,0.07145631067286073,-0.10<x<=0,60<=LD<70
135.01_10,135.01,135.01,1.1122264345889912,73.78437944703035,-0.037,2793.8338,2.06,64.51612903225808,True,B_main_x>-0.20,False,False,True,True,True,True,4.126203719999999,4.589272851883431,-0.8262041252486968,収束 (|dq_ratio|<1%)  (f_solver=0),1.0312932424426804,0.08093319214631078,-0.10<x<=0,60<=LD<70
136.01_10,136.01,136.01,1.1306194974413708,75.46157701295215,-0.039,2793.8338,2.06,64.51612903225808,True,B_main_x>-0.20,False,False,True,True,True,True,4.18929552,4.736499195455786,-0.5423637626533144,収束 (|dq_ratio|<1%)  (f_solver=0),1.0507621021008873,0.07985739534048353,-0.10<x<=0,60<=LD<70
137.01_10,137.01,137.01,1.142431618992315,77.09689440382374,-0.036,2797.90249,2.063,64.51612903225808,True,B_main_x>-0.20,False,False,True,True,True,True,4.31232453,4.926535894428173,0.5403904452571562,収束 (|dq_ratio|<1%)  (f_solver=0),1.069538554935063,0.07289306405725204,-0.10<x<=0,60<=LD<70
138.01_10,138.01,138.01,1.108769460004808,75.46157701295215,-0.033,2797.90249,2.063,64.51612903225808,True,B_main_x>-0.20,False,False,True,True,True,True,4.2586965,4.721912618629366,-0.973253513439539,収束 (|dq_ratio|<1%)  (f_solver=0),1.0507621021008873,0.05800735790392064,-0.10<x<=0,60<=LD<70
139.01_10,139.01,139.01,1.1335405436405428,76.56717653219835,-0.039,2820.9584,2.08,64.51612903225808,True,B_main_x>-0.20,False,False,True,True,True,True,4.28393322,4.856011991118581,-0.7370088098814819,収束 (|dq_ratio|<1%)  (f_solver=0),1.0634787189716035,0.07006182466893929,-0.10<x<=0,60<=LD<70
14.01_10,14.01,14.01,1.3520841914432156,116.0762191069394,-0.048,3119.329,2.3000000000000003,80.0,True,B_main_x>-0.20,False,False,True,True,True,True,5.5205325,7.464224721598494,0.2070985207298266,収束 (|dq_ratio|<1%)  (f_solver=0),1.4568122201389135,-0.10472802869569797,-0.10<x<=0,80<=LD<120
140.01_10,140.01,140.01,1.1661565613840124,77.67546587553511,-0.045,2834.5207,2.09,64.51612903225808,True,B_main_x>-0.20,False,False,True,True,True,True,4.2902424,5.0030943246878925,0.0034585697369281,収束 (|dq_ratio|<1%)  (f_solver=0),1.0761328476606329,0.09002371372337947,-0.10<x<=0,60<=LD<70
141.01_10,141.01,141.01,1.7657520451572235,128.8193242292905,-0.191,3417.6996,2.52,64.51612903225808,True,B_main_x>-0.20,False,False,True,True,True,True,6.2145423,10.973340775941075,0.3136504604718872,収束 (|dq_ratio|<1%)  (f_solver=0),1.5583229297926324,0.20742911536459108,-0.20<x<=-0.10,60<=LD<70
142.01_10,142.01,142.01,1.1602147592744096,73.21081352671627,-0.059,3451.60535,2.545,64.51612903225808,True,B_main_x>-0.20,False,False,True,True,True,True,4.731885,5.490002816189191,-0.0339942427337829,収束 (|dq_ratio|<1%)  (f_solver=0),1.0245861504493496,0.13562860882506,-0.10<x<=0,60<=LD<70
144.01_10,144.01,144.01,1.1978769026901763,70.92420249940028,-0.082,4068.69,3.0,64.51612903225808,True,B_main_x>-0.20,False,False,True,True,True,True,5.0157981,6.008308692547271,-0.708482856115632,収束 (|dq_ratio|<1%)  (f_solver=0),0.997598243006726,0.20027865968345038,-0.10<x<=0,60<=LD<70
145.01_10,145.01,145.01,1.784314835756727,128.29772162697628,-0.202,4109.3769,3.03,64.51612903225808,False,B_deep_x<=-0.20,False,True,True,True,False,False,7.255556999999999,12.946197996778569,0.3373720653237075,収束 (|dq_ratio|<1%)  (f_solver=0),1.5544106101889454,0.22990422556778145,x<=-0.20,60<=LD<70
146.01_10,146.01,146.01,0.1135786841963328,21.424642698647403,0.043,4163.626099999999,3.069999999999999,64.51612903225808,False,B_main_x>-0.20,False,False,True,True,True,False,3.059952299999999,0.3475453559375421,-0.9729485283103984,収束 (|dq_ratio|<1%)  (f_solver=0),0.31576976738241386,-0.20219108318608106,0<x<=0.05,60<=LD<70
15.01_10,15.01,15.01,1.4666255843196985,149.42602102406886,-0.071,3132.8913,2.31,80.0,True,B_main_x>-0.20,False,False,True,True,True,True,6.7508226,9.900929140363626,-0.3910424877074285,収束 (|dq_ratio|<1%)  (f_solver=0),1.6963069271497657,-0.22968134283006725,-0.10<x<=0,80<=LD<120
150.01_10,150.01,150.01,1.0807270085888994,68.13071600661715,0.041,520.79232,0.384,66.84491978609627,False,B_main_x>-0.20,False,False,True,True,True,False,0.8517393,0.9204976657866032,-0.9326316078631304,収束 (|dq_ratio|<1%)  (f_solver=0),0.9640875417335731,0.11663946685532622,0<x<=0.05,60<=LD<70
152.01_10,152.01,152.01,1.058930953874542,70.35448789359657,0.049,644.20925,0.475,66.84491978609627,False,B_main_x>-0.20,False,False,True,True,True,False,1.1009519099999998,1.1658320562262987,0.1730496372109256,収束 (|dq_ratio|<1%)  (f_solver=0),0.9908121791762446,0.0681187746982973,0<x<=0.05,60<=LD<70
154.01_10,154.01,154.01,1.853006511199896,276.16725943459306,-0.189,782.54471,0.577,66.84491978609627,False,B_main_x>-0.20,False,False,True,True,True,False,3.2176818,5.962385326369401,-0.0650957104218938,収束 (|dq_ratio|<1%)  (f_solver=0),1.8338877247346121,0.019118786465283755,-0.20<x<=-0.10,60<=LD<70
16.01_10,16.01,16.01,1.1730140094852546,80.4334779483512,-0.027,3146.4536,2.32,80.0,True,B_main_x>-0.20,False,False,True,True,True,True,4.164058799999999,4.884499308720358,0.0653706673227114,収束 (|dq_ratio|<1%)  (f_solver=0),1.107217010109197,0.06579699937605765,-0.10<x<=0,80<=LD<120
161.01_10,161.01,161.01,1.5709889842154725,122.21707720506936,-0.093,1019.88496,0.752,66.84491978609627,False,B_main_x>-0.20,False,False,True,True,True,False,2.0820294,3.270845252212749,0.878898877562823,収束 (|dq_ratio|<1%)  (f_solver=0),1.5072736472877502,0.06371533692772235,-0.10<x<=0,60<=LD<70
164.01_10,164.01,164.01,1.4179641588165113,160.48483099578448,-0.005,1063.28432,0.7839999999999999,66.84491978609627,False,B_main_x>-0.20,False,False,True,True,True,False,3.2176818,4.562557466876197,0.8455953727853107,収束 (|dq_ratio|<1%)  (f_solver=0),1.7570236825407854,-0.33905952372427417,-0.10<x<=0,60<=LD<70
165.01_10,165.01,165.01,1.2599022384263956,103.58496549932198,-0.003,1078.20285,0.7949999999999999,66.84491978609627,False,B_main_x>-0.20,False,False,True,True,True,False,2.249222669999999,2.833800676652393,-0.4554335877871313,収束 (|dq_ratio|<1%)  (f_solver=0),1.3453055743025082,-0.0854033358761126,-0.10<x<=0,60<=LD<70
167.01_10,167.01,167.01,1.6341172023090649,138.8357821756768,-0.113,1084.984,0.7999999999999999,66.84491978609627,False,B_main_x>-0.20,False,False,True,True,True,False,2.4290343,3.9693267346287575,0.6092953485434356,収束 (|dq_ratio|<1%)  (f_solver=0),1.629432957971209,0.0046842443378558585,-0.20<x<=-0.10,60<=LD<70
169.01_10,169.01,169.01,2.165236999903537,299.93981302215946,-0.359,1213.82585,0.8949999999999999,66.84491978609627,False,B_deep_x<=-0.20,False,True,True,True,False,False,4.605701399999999,9.97243508178752,0.2271881555465867,収束 (|dq_ratio|<1%)  (f_solver=0),1.7234506338938256,0.44178636600971144,x<=-0.20,60<=LD<70
17.01_10,17.01,17.01,1.1431267000030425,75.46157701295215,-0.026,3146.4536,2.32,80.0,True,B_main_x>-0.20,False,False,True,True,True,True,3.9432375,4.507620070703247,-0.1959385118490891,収束 (|dq_ratio|<1%)  (f_solver=0),1.0507621021008873,0.09236459790215523,-0.10<x<=0,80<=LD<120
170.01_10,170.01,170.01,2.029447535550055,280.20066140208166,-0.285,1216.53831,0.8969999999999999,66.84491978609627,False,B_deep_x<=-0.20,False,True,True,True,False,False,4.605701399999999,9.347029355709438,0.6614238101155622,収束 (|dq_ratio|<1%)  (f_solver=0),1.8181817953434,0.21126574020665512,x<=-0.20,60<=LD<70
171.01_10,171.01,171.01,1.6813008593885053,161.71924421083668,-0.136,1301.9808,0.96,66.84491978609627,False,B_main_x>-0.20,False,False,True,True,True,False,3.2807736000000003,5.515967473139121,-0.1669104229638453,収束 (|dq_ratio|<1%)  (f_solver=0),1.7632232315777383,-0.08192237218923304,-0.20<x<=-0.10,60<=LD<70
18.01_10,18.01,18.01,0.9982901984304464,66.99992038726407,0.001,3634.6964,2.68,80.0,True,B_main_x>-0.20,False,False,True,True,True,True,4.416425999999999,4.408874787893382,0.0389395330814793,収束 (|dq_ratio|<1%)  (f_solver=0),0.950353533882142,0.047936664548304364,0<x<=0.05,80<=LD<120
180.01_10,180.01,180.01,1.351192509146819,98.2996098552306,-0.062,1695.2875,1.25,66.84491978609627,False,B_main_x>-0.20,False,False,True,True,True,False,2.98108755,4.028023166670844,-0.7132572103490185,収束 (|dq_ratio|<1%)  (f_solver=0),1.2945468382327072,0.05664567091411188,-0.10<x<=0,60<=LD<70
182.01_10,182.01,182.01,1.4594950128413378,106.11665306734947,-0.089,1803.7859,1.33,66.84491978609627,False,B_main_x>-0.20,False,False,True,True,True,False,3.2176818,4.696190540010338,0.177262045324624,収束 (|dq_ratio|<1%)  (f_solver=0),1.368865476747974,0.09062953609336377,-0.10<x<=0,60<=LD<70
183.01_10,183.01,183.01,1.5413047115737164,132.74047859555014,-0.109,1830.9105,1.35,66.84491978609627,False,B_main_x>-0.20,False,False,True,True,True,False,3.9432375,6.077730537604163,-0.7679454717369579,収束 (|dq_ratio|<1%)  (f_solver=0),1.5870705160866523,-0.04576580451293588,-0.20<x<=-0.10,60<=LD<70
184.01_10,184.01,184.01,2.1458508558958083,230.5931119642869,-0.326,1871.5974,1.38,66.84491978609627,False,B_deep_x<=-0.20,False,True,True,True,False,False,5.331257099999999,11.440082611035605,-0.0072881559764321,収束 (|dq_ratio|<1%)  (f_solver=0),1.925266846622684,0.22058400927312416,x<=-0.20,60<=LD<70
185.01_10,185.01,185.01,1.6968039870297118,164.51403825344045,-0.149,1871.5974,1.38,66.84491978609627,False,B_main_x>-0.20,False,False,True,True,True,False,4.7003391,7.975554125271646,0.5533546453968138,収束 (|dq_ratio|<1%)  (f_solver=0),1.7768306486983712,-0.08002666166865935,-0.20<x<=-0.10,60<=LD<70
186.01_10,186.01,186.01,1.4880925664115456,122.21707720506936,-0.092,1898.722,1.4,66.84491978609627,False,B_main_x>-0.20,False,False,True,True,True,False,3.880145699999999,5.7740159727637215,0.024278317976423,収束 (|dq_ratio|<1%)  (f_solver=0),1.5072736472877502,-0.019181080876204515,-0.10<x<=0,60<=LD<70
187.01_10,187.01,187.01,1.561802433828803,134.94320198506415,-0.119,1966.5335,1.45,66.84491978609627,False,B_main_x>-0.20,False,False,True,True,True,False,4.2271506,6.601974095240885,-0.9923037080190504,収束 (|dq_ratio|<1%)  (f_solver=0),1.6027059550531106,-0.040903521224307626,-0.20<x<=-0.10,60<=LD<70
188.01_10,188.01,188.01,2.149368878100929,249.67333431527183,-0.335,2047.9073,1.51,66.84491978609627,False,B_deep_x<=-0.20,False,True,True,True,False,False,6.3722718,13.696362689720187,0.823140272753681,収束 (|dq_ratio|<1%)  (f_solver=0),1.906258008580048,0.2431108695208808,x<=-0.20,60<=LD<70
19.01_10,19.01,19.01,1.0857586936402024,74.31081192490194,-0.018,3851.6932,2.8400000000000003,80.0,True,B_main_x>-0.20,False,False,True,True,True,True,4.8580686,5.274690216750487,-0.0062197660192254,収束 (|dq_ratio|<1%)  (f_solver=0),1.037427122031581,0.04833157160862145,-0.10<x<=0,80<=LD<120
196.01_10,196.01,196.01,0.8841447681755321,61.85955609096459,0.015,3037.9552,2.24,66.84491978609627,True,B_main_x>-0.20,False,False,True,True,True,True,4.29655158,3.798773600653316,0.0818540262396996,収束 (|dq_ratio|<1%)  (f_solver=0),0.8866941108537401,-0.0025493426782079442,0<x<=0.05,60<=LD<70
197.01_10,197.01,197.01,1.035657655963962,75.46157701295215,-0.014,3241.3897,2.39,66.84491978609627,True,B_main_x>-0.20,False,False,True,True,True,True,5.0157981,5.194649703034494,-0.5513598409493335,収束 (|dq_ratio|<1%)  (f_solver=0),1.0507621021008873,-0.015104446136925187,-0.10<x<=0,60<=LD<70
198.01_10,198.01,198.01,1.2980153216050032,76.56717653219835,-0.09,3254.952,2.4000000000000004,66.84491978609627,True,B_main_x>-0.20,False,False,True,True,True,True,4.100967,5.323117999396505,-0.3547049524252508,収束 (|dq_ratio|<1%)  (f_solver=0),1.0634787189716035,0.2345366026333997,-0.10<x<=0,60<=LD<70
199.01_10,199.01,199.01,1.5801796486201998,106.11665306734947,-0.144,3390.575,2.5,66.84491978609627,True,B_main_x>-0.20,False,False,True,True,True,True,5.299711199999999,8.374495781804537,0.6218485703386165,収束 (|dq_ratio|<1%)  (f_solver=0),1.368865476747974,0.2113141718722258,-0.20<x<=-0.10,60<=LD<70
2.01_10,2.01,2.01,1.2858764091406156,93.25734584317443,-0.03,2224.2172,1.64,80.0,False,B_main_x>-0.20,False,False,True,True,True,False,3.3438654,4.299797633201548,0.963540225351672,収束 (|dq_ratio|<1%)  (f_solver=0),1.2441398325320403,0.041736576608575326,-0.10<x<=0,80<=LD<120
20.01_10,20.01,20.01,1.1165611650523526,75.46157701295215,-0.026,3905.9424,2.88,80.0,True,B_main_x>-0.20,False,False,True,True,True,True,4.889614499999999,5.459553662776876,0.3848795453033805,収束 (|dq_ratio|<1%)  (f_solver=0),1.0507621021008873,0.06579906295146531,-0.10<x<=0,80<=LD<120
200.01_10,200.01,200.01,1.090984830660081,79.31866378958193,-0.027,3390.575,2.5,66.84491978609627,True,B_main_x>-0.20,False,False,True,True,True,True,5.299711199999999,5.781904526079334,-0.1793528182224258,収束 (|dq_ratio|<1%)  (f_solver=0),1.094722253767018,-0.0037374231069371433,-0.10<x<=0,60<=LD<70
201.01_10,201.01,201.01,1.696711804699104,122.21707720506936,-0.174,3404.1373,2.51,66.84491978609627,True,B_main_x>-0.20,False,False,True,True,True,True,5.8359915,9.901995670173632,0.1557716901061284,収束 (|dq_ratio|<1%)  (f_solver=0),1.5072736472877502,0.18943815741135395,-0.20<x<=-0.10,60<=LD<70
202.01_10,202.01,202.01,1.246383451509764,94.40186587765923,-0.056,3404.1373,2.51,66.84491978609627,True,B_main_x>-0.20,False,False,True,True,True,True,5.8359915,7.273883228751646,0.4657326797354334,収束 (|dq_ratio|<1%)  (f_solver=0),1.255751346830668,-0.009367895320903985,-0.10<x<=0,60<=LD<70
203.01_10,203.01,203.01,1.1830251235337732,76.56717653219835,-0.061,3458.3865,2.55,66.84491978609627,True,B_main_x>-0.20,False,False,True,True,True,True,4.7634309,5.635258428917092,0.1142740492979284,収束 (|dq_ratio|<1%)  (f_solver=0),1.0634787189716035,0.1195464045621697,-0.10<x<=0,60<=LD<70
204.01_10,204.01,204.01,1.5158593908629203,107.79264087372076,-0.128,3471.9488,2.56,66.84491978609627,True,B_main_x>-0.20,False,False,True,True,True,True,5.7413538,8.703085073996514,0.4298431743946722,収束 (|dq_ratio|<1%)  (f_solver=0),1.38419371247557,0.13166567838735022,-0.20<x<=-0.10,60<=LD<70
205.01_10,205.01,205.01,2.0745127624661843,162.25628229717415,-0.284,3594.0095,2.65,66.84491978609627,True,B_deep_x<=-0.20,False,True,True,True,False,True,6.940098,14.397321873766042,-0.2672118633887431,収束 (|dq_ratio|<1%)  (f_solver=0),1.7658841546767183,0.308628607789466,x<=-0.20,60<=LD<70
206.01_10,206.01,206.01,1.5944573105871214,128.8193242292905,-0.148,3594.0095,2.65,66.84491978609627,True,B_main_x>-0.20,False,False,True,True,True,True,6.940098,11.06568999229106,0.0797185592939539,収束 (|dq_ratio|<1%)  (f_solver=0),1.5583229297926324,0.03613438079448894,-0.20<x<=-0.10,60<=LD<70
207.01_10,207.01,207.01,1.84831057414112,132.74047859555014,-0.216,3607.5718,2.66,66.84491978609627,True,B_deep_x<=-0.20,False,True,True,True,False,True,6.2145423,11.486404246537276,-0.0505423161572815,収束 (|dq_ratio|<1%)  (f_solver=0),1.5870705160866523,0.2612400580544678,x<=-0.20,60<=LD<70
208.01_10,208.01,208.01,1.340216247536809,101.6168218410382,-0.085,3607.5718,2.66,66.84491978609627,True,B_main_x>-0.20,False,False,True,True,True,True,6.2145423,8.328830561464768,-0.2532619080946829,収束 (|dq_ratio|<1%)  (f_solver=0),1.3266527946136748,0.0135634529231341,-0.10<x<=0,60<=LD<70
209.01_10,209.01,209.01,2.2099410980435703,194.2074052316925,-0.334,3648.2587,2.69,66.84491978609627,True,B_deep_x<=-0.20,True,True,True,True,False,True,8.170388099999998,18.05607644915612,0.6965847198008253,収束 (|dq_ratio|<1%)  (f_solver=0),1.8846709107590451,0.32527018728452517,x<=-0.20,60<=LD<70
21.01_10,21.01,21.01,1.09515482640457,81.01614510562172,-0.012,3919.5047,2.89,80.0,True,B_main_x>-0.20,False,False,True,True,True,True,5.425894799999999,5.942194877783458,-0.3037566195963467,収束 (|dq_ratio|<1%)  (f_solver=0),1.1137098408279529,-0.01855501442338281,-0.10<x<=0,80<=LD<120
210.01_10,210.01,210.01,2.17241176700994,189.0155585984569,-0.329,3648.2587,2.69,66.84491978609627,True,B_deep_x<=-0.20,False,True,True,True,False,True,7.949566799999999,17.26973245895155,-0.7233208980591322,収束 (|dq_ratio|<1%)  (f_solver=0),1.8706588706171938,0.30175289639274605,x<=-0.20,60<=LD<70
213.01_10,213.01,213.01,2.4704383105441856,250.73285002387016,-0.457,3783.8817,2.79,66.84491978609627,True,B_deep_x<=-0.20,True,True,True,True,False,True,9.9685044,24.62657516858828,0.0077785423451693,収束 (|dq_ratio|<1%)  (f_solver=0),1.9043899581931694,0.5660483523510162,x<=-0.20,60<=LD<70
22.01_10,22.01,22.01,1.6518383942438954,309.87294321097545,-0.071,2264.9041,1.6700000000000002,365.33333333333326,False,B_main_x>-0.20,False,False,True,True,True,False,2.11672989,3.4964957025456576,0.0014149943996684,収束 (|dq_ratio|<1%)  (f_solver=0),1.6645573169201722,-0.012718922676276723,-0.10<x<=0,LD>=120
23.01_10,23.01,23.01,1.68347241906529,311.55670341994664,-0.083,2292.0287,1.69,365.33333333333326,False,B_main_x>-0.20,False,False,True,True,True,False,2.13250284,3.5900097147184007,0.9216566173836392,収束 (|dq_ratio|<1%)  (f_solver=0),1.6538295524925823,0.02964286657270776,-0.10<x<=0,LD>=120
24.01_10,24.01,24.01,1.62968253543007,309.367819356026,-0.047,2603.9616,1.92,365.33333333333326,False,B_main_x>-0.20,False,False,True,True,True,False,2.47635315,4.035669480112241,0.9900037004756131,収束 (|dq_ratio|<1%)  (f_solver=0),1.6677335194440515,-0.03805098401398155,-0.10<x<=0,LD>=120
25.01_10,25.01,25.01,1.6320250904151847,310.99544826522856,-0.062,2698.8977,1.99,365.33333333333326,False,B_main_x>-0.20,False,False,True,True,True,False,2.54890872,4.159882984218053,-0.0081433929829587,収束 (|dq_ratio|<1%)  (f_solver=0),1.6574294740140854,-0.025404383598900626,-0.10<x<=0,LD>=120
26.01_10,26.01,26.01,1.6074446694915856,310.99544826522856,-0.05,3173.5782,2.34,365.33333333333326,False,B_main_x>-0.20,False,False,True,True,True,False,3.02525181,4.862924895854271,-0.0988220267941398,収束 (|dq_ratio|<1%)  (f_solver=0),1.6574294740140854,-0.04998480452249976,-0.10<x<=0,LD>=120
260.01_10,260.01,260.01,1.7250639555228344,278.4638364927875,-0.131,1301.9808,0.96,108.84955752212387,False,B_main_x>-0.20,False,False,True,True,True,False,3.5015949,6.040475148832583,0.1647981136938141,収束 (|dq_ratio|<1%)  (f_solver=0),1.8250968114319668,-0.10003285590913236,-0.20<x<=-0.10,80<=LD<120
262.01_10,262.01,262.01,1.1830381473422555,94.40186587765923,0.001,1312.83064,0.968,108.84955752212387,False,B_main_x>-0.20,False,False,True,True,True,False,1.56783123,1.8548041536845297,-0.7763820999579836,収束 (|dq_ratio|<1%)  (f_solver=0),1.255751346830668,-0.07271319948841248,0<x<=0.05,80<=LD<120
263.01_10,263.01,263.01,1.6924978104945447,264.47096473819806,-0.117,1315.5431,0.97,108.84955752212387,False,B_main_x>-0.20,False,False,True,True,True,False,3.4069572000000004,5.766267601448625,-0.0451006669656575,収束 (|dq_ratio|<1%)  (f_solver=0),1.8724273428803468,-0.17992953238580212,-0.20<x<=-0.10,80<=LD<120
264.01_10,264.01,264.01,1.715169706353885,266.1486378949107,-0.134,1315.5431,0.97,108.84955752212387,False,B_main_x>-0.20,False,False,True,True,True,False,3.3754113,5.789403208244586,-0.311813369423032,収束 (|dq_ratio|<1%)  (f_solver=0),1.867539358139966,-0.15236965178608086,-0.20<x<=-0.10,80<=LD<120
265.01_10,265.01,265.01,1.7332488524259528,279.02406714057867,-0.144,1315.5431,0.97,108.84955752212387,False,B_main_x>-0.20,False,False,True,True,True,False,3.5015949,6.069135342085569,-0.5740898018250052,収束 (|dq_ratio|<1%)  (f_solver=0),1.8228914011478472,-0.08964254872189437,-0.20<x<=-0.10,80<=LD<120
266.01_10,266.01,266.01,1.5673151105618537,253.96863603375004,-0.038,1315.5431,0.97,108.84955752212387,False,B_main_x>-0.20,False,False,True,True,True,False,3.5331408,5.537544963582596,0.1904866406297396,収束 (|dq_ratio|<1%)  (f_solver=0),1.898155669837697,-0.3308405592758432,-0.10<x<=0,80<=LD<120
267.01_10,267.01,267.01,1.6849105021926918,254.52674819008195,-0.118,1315.5431,0.97,108.84955752212387,False,B_main_x>-0.20,False,False,True,True,True,False,3.2807736000000003,5.527809893956525,-0.2175793161921686,収束 (|dq_ratio|<1%)  (f_solver=0),1.8969997477051925,-0.21208924551250075,-0.20<x<=-0.10,80<=LD<120
268.01_10,268.01,268.01,1.7542552525649588,256.20145638583585,-0.153,1315.5431,0.97,108.84955752212387,False,B_main_x>-0.20,False,False,True,True,True,False,3.1861359,5.589295637960782,0.194843144284821,収束 (|dq_ratio|<1%)  (f_solver=0),1.8933888296594792,-0.13913357709452034,-0.20<x<=-0.10,80<=LD<120
269.01_10,269.01,269.01,1.610872802957489,221.3958722059629,-0.086,1315.5431,0.97,108.84955752212387,False,B_main_x>-0.20,False,False,True,True,True,False,2.9653146,4.776744641352765,-0.0191688776206736,収束 (|dq_ratio|<1%)  (f_solver=0),1.9245268464295653,-0.31365404347207626,-0.10<x<=0,80<=LD<120
27.01_10,27.01,27.01,1.6351940296471368,313.18434543454475,-0.074,3282.0766,2.42,365.33333333333326,False,B_main_x>-0.20,False,False,True,True,True,False,3.0914982,5.055199399304871,-0.2218659630713154,収束 (|dq_ratio|<1%)  (f_solver=0),1.6432541087502668,-0.008060079103130002,-0.10<x<=0,LD>=120
28.01_10,28.01,28.01,1.6003184464806413,308.8065739145867,-0.045,3838.1309,2.83,365.33333333333326,False,B_main_x>-0.20,False,False,True,True,True,False,3.64986063,5.840939293272454,0.5883671905940936,収束 (|dq_ratio|<1%)  (f_solver=0),1.6712398238737447,-0.07092137739310345,-0.10<x<=0,LD>=120
29.01_10,29.01,29.01,1.6238181936166036,310.43419463641936,-0.077,3919.5047,2.89,365.33333333333326,False,B_main_x>-0.20,False,False,True,True,True,False,3.653015219999999,5.931832575794358,-0.4260424215401648,収束 (|dq_ratio|<1%)  (f_solver=0),1.661005396849014,-0.037187203232410315,-0.10<x<=0,LD>=120
3.01_10,3.01,3.01,1.3413056622667905,110.03342555391588,-0.036,2251.3418,1.66,80.0,False,B_main_x>-0.20,False,False,True,True,True,False,3.880145699999999,5.204461397830138,0.2003229437908337,収束 (|dq_ratio|<1%)  (f_solver=0),1.404353275629393,-0.06304761336260256,-0.10<x<=0,80<=LD<120
30.01_10,30.01,30.01,1.599512232471623,311.55670341994664,-0.055,3933.067,2.9,365.33333333333326,False,B_main_x>-0.20,False,False,True,True,True,False,3.74134374,5.984325078011132,-0.2593209319695264,収束 (|dq_ratio|<1%)  (f_solver=0),1.6538295524925823,-0.05431732002095924,-0.10<x<=0,LD>=120
4.01_10,4.01,4.01,1.3626063074161932,111.10531905016614,-0.049,2305.591,1.7,80.0,False,B_main_x>-0.20,False,False,True,True,True,False,3.9116916,5.3300956468269405,-0.6916007288926945,収束 (|dq_ratio|<1%)  (f_solver=0),1.4138615250597137,-0.05125521764352059,-0.10<x<=0,80<=LD<120
442.01_10,442.01,442.01,1.3873729587911223,132.74047859555014,-0.032,1193.4824,0.8800000000000001,75.98039215686273,False,B_main_x>-0.20,False,False,True,True,True,False,2.583609209999999,3.584429554037693,0.7951765892776542,収束 (|dq_ratio|<1%)  (f_solver=0),1.5870705160866523,-0.19969755729552996,-0.10<x<=0,70<=LD<80
449.01_10,449.01,449.01,1.18830075807576,104.4446876334049,0.016,1350.80508,0.996,75.98039215686273,False,B_main_x>-0.20,False,False,True,True,True,False,2.586763799999999,3.073853384502932,0.9737325886546742,収束 (|dq_ratio|<1%)  (f_solver=0),1.3533608872661904,-0.16506012919043034,0<x<=0.05,70<=LD<80
450.01_10,450.01,450.01,1.1216980167672548,97.7484248428973,0.032,1356.23,1.0,75.98039215686273,False,B_main_x>-0.20,False,False,True,True,True,False,2.53944495,2.8484903641046206,0.6193429522622906,収束 (|dq_ratio|<1%)  (f_solver=0),1.2891309532633817,-0.1674329364961269,0<x<=0.05,70<=LD<80
451.01_10,451.01,451.01,1.2116431431302304,103.88827213816978,-0.004,1383.3546,1.0199999999999998,75.98039215686273,False,B_main_x>-0.20,False,False,True,True,True,False,2.53944495,3.076901061024191,-0.4908918908686113,収束 (|dq_ratio|<1%)  (f_solver=0),1.3481538835415305,-0.13651074041130018,-0.10<x<=0,70<=LD<80
452.01_10,452.01,452.01,0.996502906637817,78.20645849357618,0.042,1383.3546,1.0199999999999998,75.98039215686273,False,B_main_x>-0.20,False,False,True,True,True,False,2.21767677,2.209921347288166,-0.2793257296393348,収束 (|dq_ratio|<1%)  (f_solver=0),1.0821624246255945,-0.08565951798777749,0<x<=0.05,70<=LD<80
453.01_10,453.01,453.01,1.1779656161796004,103.28179546252004,0.009,1410.4792,1.04,75.98039215686273,False,B_main_x>-0.20,False,False,True,True,True,False,2.64354642,3.1140067875346764,-0.3902064985320317,収束 (|dq_ratio|<1%)  (f_solver=0),1.3424515468461269,-0.1644859306665265,0<x<=0.05,70<=LD<80
456.01_10,456.01,456.01,1.1126152919437835,89.93618676924655,0.018,1491.853,1.1,75.98039215686273,False,B_main_x>-0.20,False,False,True,True,True,False,2.53629036,2.821915439345603,0.8166922772779703,収束 (|dq_ratio|<1%)  (f_solver=0),1.209880906228526,-0.09726561428474256,0<x<=0.05,70<=LD<80
461.01_10,461.01,461.01,1.0568160065669558,82.67080560476268,0.021,1586.7891,1.17,75.98039215686273,False,B_main_x>-0.20,False,False,True,True,True,False,2.53944495,2.6837260709556228,0.3392973594095591,収束 (|dq_ratio|<1%)  (f_solver=0),1.1320072458967922,-0.0751912393298364,0<x<=0.05,70<=LD<80
462.01_10,462.01,462.01,1.0320352271377364,79.31866378958193,0.021,1641.0383,1.21,75.98039215686273,False,B_main_x>-0.20,False,False,True,True,True,False,2.53944495,2.620796645777028,0.0154116741460514,収束 (|dq_ratio|<1%)  (f_solver=0),1.094722253767018,-0.0626870266292816,0<x<=0.05,70<=LD<80
463.01_10,463.01,463.01,1.1688805638214936,85.45707234861334,-0.022,1708.8498,1.26,75.98039215686273,False,B_main_x>-0.20,False,False,True,True,True,False,2.54890872,2.979369861763122,0.21701361899549,収束 (|dq_ratio|<1%)  (f_solver=0),1.162346920137444,0.006533643684049739,-0.10<x<=0,70<=LD<80
469.01_10,469.01,469.01,0.939648075944587,68.13071600661715,0.029,1817.3482,1.34,75.98039215686273,False,B_main_x>-0.20,False,False,True,True,True,False,2.53313577,2.38025615238691,0.49265016365295,収束 (|dq_ratio|<1%)  (f_solver=0),0.9640875417335731,-0.024439465788986148,0<x<=0.05,70<=LD<80
474.01_10,474.01,474.01,0.8776273132300272,59.731310664686816,0.021,2088.5942,1.54,75.98039215686273,False,B_main_x>-0.20,False,False,True,True,True,False,2.5709908500000003,2.256371792024484,0.7561256859920658,収束 (|dq_ratio|<1%)  (f_solver=0),0.8597484167013617,0.017878896528665478,0<x<=0.05,70<=LD<80
479.01_10,479.01,479.01,0.764008973539848,53.10991238658369,0.04,2142.8434,1.58,75.98039215686273,False,B_main_x>-0.20,False,False,True,True,True,False,2.53944495,1.9401587296104508,-0.1374197559257923,収束 (|dq_ratio|<1%)  (f_solver=0),0.7737089794296992,-0.009700005889851204,0<x<=0.05,70<=LD<80
483.01_10,483.01,483.01,0.7668600113107206,51.982230400728895,0.027,2305.591,1.7,75.98039215686273,False,B_main_x>-0.20,False,False,True,True,True,False,2.583609209999999,1.981266588003081,-0.7261609361128921,収束 (|dq_ratio|<1%)  (f_solver=0),0.7587229766413683,0.008137034669352228,0<x<=0.05,70<=LD<80
489.01_10,489.01,489.01,0.6440243300341385,44.21115401415841,0.041,2454.7763,1.81,75.98039215686273,False,B_main_x>-0.20,False,False,True,True,True,True,2.54259954,1.6374959652936087,0.1123494703282611,収束 (|dq_ratio|<1%)  (f_solver=0),0.6528183819667105,-0.008794051932571989,0<x<=0.05,70<=LD<80
493.01_10,493.01,493.01,0.435151931201948,33.60109799971622,0.049,2888.7699,2.13,75.98039215686273,True,B_main_x>-0.20,False,False,True,True,True,True,2.52682659,1.0995534704509329,-0.3386401216996503,収束 (|dq_ratio|<1%)  (f_solver=0),0.5007981007719653,-0.06564616957001729,0<x<=0.05,70<=LD<80
496.01_10,496.01,496.01,0.4808078218353823,35.27787208981738,0.037,2997.2683,2.21,75.98039215686273,True,B_main_x>-0.20,False,False,True,True,True,True,2.586763799999999,1.243736268280616,-0.0364470894094111,収束 (|dq_ratio|<1%)  (f_solver=0),0.525393182197328,-0.044585360361945714,0<x<=0.05,70<=LD<80
497.01_10,497.01,497.01,0.4856745056107639,35.27787208981738,0.034,3051.5175,2.25,75.98039215686273,True,B_main_x>-0.20,False,False,True,True,True,True,2.60253675,1.2639857493900943,0.5909707056032266,収束 (|dq_ratio|<1%)  (f_solver=0),0.525393182197328,-0.03971867658656408,0<x<=0.05,70<=LD<80
498.01_10,498.01,498.01,0.4913008889472814,35.82580133498607,0.033,3051.5175,2.25,75.98039215686273,True,B_main_x>-0.20,False,False,True,True,True,True,2.6183097,1.28637788314929,-0.7752096507386549,収束 (|dq_ratio|<1%)  (f_solver=0),0.533383845384336,-0.04208295643705462,0<x<=0.05,70<=LD<80
5.01_10,5.01,5.01,1.4577718640475934,143.85385187892945,-0.053,2386.9648,1.7600000000000002,80.0,False,B_main_x>-0.20,False,False,True,True,True,False,5.1104358,7.449849522261555,0.8722911747696183,収束 (|dq_ratio|<1%)  (f_solver=0),1.662185150316894,-0.20441328626930066,-0.10<x<=0,80<=LD<120
6.01_10,6.01,6.01,1.445882742939732,143.85385187892945,-0.056,2400.5271,1.7699999999999998,80.0,False,B_main_x>-0.20,False,False,True,True,True,False,5.1104358,7.389090932121405,-0.4801265367972879,収束 (|dq_ratio|<1%)  (f_solver=0),1.662185150316894,-0.216302407377162,-0.10<x<=0,80<=LD<120
7.01_10,7.01,7.01,1.3737838826461417,123.30541643666328,-0.037,2427.6517,1.7899999999999998,80.0,False,B_main_x>-0.20,False,False,True,True,True,False,4.637247299999999,6.3705756005843375,0.7075163042609182,収束 (|dq_ratio|<1%)  (f_solver=0),1.515917302489619,-0.14213341984347738,-0.10<x<=0,80<=LD<120
8.01_10,8.01,8.01,1.353475742387643,121.07838458578988,-0.035,2427.6517,1.7899999999999998,80.0,False,B_main_x>-0.20,False,False,True,True,True,False,4.5741555,6.191008511159019,-0.1184510897508475,収束 (|dq_ratio|<1%)  (f_solver=0),1.4981335231197677,-0.14465778073212476,-0.10<x<=0,80<=LD<120
80.01_10,80.01,80.01,0.1173350424102666,21.424642698647403,0.048,4136.501499999999,3.0499999999999994,64.58333333333336,False,B_main_x>-0.20,False,False,True,True,True,False,3.1230441,0.366442511922633,-0.4938437410075403,収束 (|dq_ratio|<1%)  (f_solver=0),0.31576976738241386,-0.19843472497214726,0<x<=0.05,60<=LD<70
9.01_10,9.01,9.01,1.3556037191052863,108.35218501251636,-0.05,2441.214,1.7999999999999998,80.0,True,B_main_x>-0.20,False,False,True,True,True,False,4.0378752,5.473758638403003,-0.4556711931547225,収束 (|dq_ratio|<1%)  (f_solver=0),1.38926355716771,-0.033659838062423786,-0.10<x<=0,80<=LD<120
